metric,base_dynamic,calibrated_dynamic,difference
final_nav,102780.79433122576,103761.01122053109,980.2168893053313
net_pnl,2855.794331225756,3836.011220531073,980.2168893053167
annualized_return,0.0286590071157382,0.0384963723720221,0.009837365256283901
annualized_volatility,0.0699752426489807,0.0628075148143355,-0.007167727834645199
sharpe,0.4387631483325415,0.6327648290250737,0.1940016806925322
max_drawdown,-0.0410497563776812,-0.0204427412704383,0.020607015107242898
turnover,19346.965962911218,22182.966295582977,2836.0003326717597
number_of_rebalances,8.0,13.0,5.0
total_costs,139.3469659629112,217.18296629558296,77.83600033267174
