,eth_price_usdc,eth_return,uni_tvl_usd,uni_volume_usd,uni_fees_usd,volume_tvl_ratio,aave_weth_borrow_apy,aave_usdc_supply_apy,net_funding_spread_apy
eth_price_usdc,1.0,0.011985830249795262,0.22465706590249288,-0.03436377325213835,-0.03436377325213903,-0.09184964932245253,-0.09582893296293973,-0.09582893296293973,
eth_return,0.011985830249795262,1.0,-0.00604475616429002,-0.09387534846571999,-0.09387534846571934,-0.09129447211723359,0.009160040212179225,0.009160040212179225,
uni_tvl_usd,0.22465706590249288,-0.00604475616429002,1.0,0.16347501420665536,0.16347501420665578,0.025298765614417563,0.21243450836315414,0.21243450836315414,
uni_volume_usd,-0.03436377325213835,-0.09387534846571999,0.16347501420665536,1.0,1.0,0.8452472708180583,0.04968332881897577,0.04968332881897577,
uni_fees_usd,-0.03436377325213903,-0.09387534846571934,0.16347501420665578,1.0,1.0,0.8452472708180667,0.04968332881897614,0.04968332881897614,
volume_tvl_ratio,-0.09184964932245253,-0.09129447211723359,0.025298765614417563,0.8452472708180583,0.8452472708180667,1.0,0.05093045975189811,0.05093045975189811,
aave_weth_borrow_apy,-0.09582893296293973,0.009160040212179225,0.21243450836315414,0.04968332881897577,0.04968332881897614,0.05093045975189811,1.0,1.0,
aave_usdc_supply_apy,-0.09582893296293973,0.009160040212179225,0.21243450836315414,0.04968332881897577,0.04968332881897614,0.05093045975189811,1.0,1.0,
net_funding_spread_apy,,,,,,,,,
