strategy_name,final_nav,net_pnl,annualized_return,annualized_volatility,sharpe,max_drawdown,turnover,number_of_rebalances,total_costs,average_health_factor,average_idle_ratio,mc_scenario,mc_path_id,mc_seed,mc_max_hedge_error,mc_lp_delta_change
buy_hold_50_50,90135.31674546101,-9864.683254538992,-0.09865752010051199,0.13419294982669705,-0.70685163064048,-0.17292103828780447,0.0,0,0.0,inf,0.0,sideways_low_vol,0,42,,
fractal_dynamic_aave_hedged_lp,54878.133337166924,-45046.866662833076,-0.4508443471098347,0.3299173154251349,-1.6515418786990992,-0.4549059178089251,135314.24096307612,224,3495.314240963076,11.352184433215337,0.10381995355430838,sideways_low_vol,0,42,0.8492448544570659,-0.6659922236333837
fractal_fixed_hedge_lp,58370.031138048915,-41554.968861951085,-0.4158974374496247,0.32394486375573006,-1.4976115502802014,-0.4349401695222206,0.0,0,0.0,2.389521662481297,0.306913344574951,sideways_low_vol,0,42,,
fractal_plain_uniswap_v2_lp,6010.360341024778,-93839.63965897523,-0.9398254148940974,1.4095467065007121,-1.289424627804301,-0.941350931197955,0.0,0,0.0,inf,0.0,sideways_low_vol,0,42,,
buy_hold_50_50,84061.47305676396,-15938.526943236036,-0.15940193202210906,0.1387798856811746,-1.1816644491872523,-0.18730324362791861,0.0,0,0.0,inf,0.0,sideways_low_vol,1,43,,
fractal_dynamic_aave_hedged_lp,100622.62282985818,697.6228298581846,0.006982264234884461,0.37997187308006786,0.20826988655645187,-0.2857372304790654,150805.8036478499,94,1560.8058036478499,2.2870669769731413,0.2023332515191053,sideways_low_vol,1,43,0.8492448544570659,-0.6659922236333837
fractal_fixed_hedge_lp,102695.12863387872,2770.1286338787177,0.027725286354360446,0.3753102836521752,0.26048710975796646,-0.28227706150438914,0.0,0,0.0,2.2691741403542545,0.2165883395341902,sideways_low_vol,1,43,,
fractal_plain_uniswap_v2_lp,89598.92387404558,-10251.076125954423,-0.10267585600100182,0.8543183356016631,0.30028832359850494,-0.5178932962004572,0.0,0,0.0,inf,0.0,sideways_low_vol,1,43,,
buy_hold_50_50,114094.54585979099,14094.54585979099,0.14096263442664192,0.15970030446540473,0.9054981392787981,-0.10579574292708249,0.0,0,0.0,inf,0.0,sideways_low_vol,2,44,,
fractal_dynamic_aave_hedged_lp,192421.58721630502,92496.58721630502,0.9258041830400705,0.6298211832251794,1.3549543999403064,-0.3986704787184766,62901.2594656739,37,617.9012594656739,1.7698989652426904,0.15609688595210056,sideways_low_vol,2,44,0.8492448544570659,-0.6659922236333837
fractal_fixed_hedge_lp,193002.51735001267,93077.51735001267,0.9316189443514924,0.6290906666451507,1.3605909234383937,-0.3979965026447778,0.0,0,0.0,1.705551308616303,0.16427807924660723,sideways_low_vol,2,44,,
fractal_plain_uniswap_v2_lp,296186.07653065433,196336.07653065433,1.9666784833275774,0.9986277612915109,1.5870887451394364,-0.5224869918955206,0.0,0,0.0,inf,0.0,sideways_low_vol,2,44,,
buy_hold_50_50,99870.97867042104,-129.0213295789581,-0.0012903605021508113,0.153385669357119,0.06826493713017484,-0.17289980886045753,0.0,0,0.0,inf,0.0,sideways_low_vol,3,45,,
fractal_dynamic_aave_hedged_lp,78306.14904012362,-21618.850959876378,-0.21637258408859206,0.30522623553653266,-0.6460903566303379,-0.3895541993542436,101968.56441746771,95,1526.9685644174676,3.594598225114613,0.14475912831664944,sideways_low_vol,3,45,0.8492448544570659,-0.6659922236333837
fractal_fixed_hedge_lp,78724.5198493735,-21200.480150626507,-0.2121853731262613,0.31087372528676005,-0.6116169856724406,-0.4085009670959421,0.0,0,0.0,1.8556465731447047,0.26836315029773994,sideways_low_vol,3,45,,
fractal_plain_uniswap_v2_lp,55407.760990509385,-44442.239009490615,-0.4451273356591223,0.8605286324350082,-0.25409773357076876,-0.7146539386344595,0.0,0,0.0,inf,0.0,sideways_low_vol,3,45,,
buy_hold_50_50,113569.06767715942,13569.067677159415,0.13570717494005358,0.15791956981428232,0.8846885113734164,-0.07461098243915032,0.0,0,0.0,inf,0.0,sideways_low_vol,4,46,,
fractal_dynamic_aave_hedged_lp,116535.30377779611,16610.303777796114,0.16624818321320234,0.47115563647140324,0.5619269951253922,-0.25929248833053,84268.5497114737,43,729.2685497114737,1.7390171021916676,0.17956202610498057,sideways_low_vol,4,46,0.8492448544570659,-0.6659922236333837
fractal_fixed_hedge_lp,117775.74448137199,17850.744481371992,0.17866354327092426,0.46744733361846597,0.5853126285977805,-0.2578414291987836,0.0,0,0.0,1.702860974132455,0.19247383659677064,sideways_low_vol,4,46,,
fractal_plain_uniswap_v2_lp,145308.2674611701,45458.26746117009,0.455327910049367,0.8455819127445946,0.8663866429978292,-0.379526812630988,0.0,0,0.0,inf,0.0,sideways_low_vol,4,46,,
buy_hold_50_50,89518.83407758988,-10481.165922410117,-0.10482297508809524,0.13891815171946434,-0.727569847945809,-0.16857122722197437,0.0,0,0.0,inf,0.0,sideways_low_vol,5,47,,
fractal_dynamic_aave_hedged_lp,135690.0198127894,35765.0198127894,0.3579660702249283,0.4154459151676733,0.9441653156942864,-0.3432511248865884,75927.17535306123,53,870.9271753530612,2.2586083514938036,0.20225003529396934,sideways_low_vol,5,47,0.8492448544570659,-0.6659922236333837
fractal_fixed_hedge_lp,136336.82846609177,36411.82846609177,0.36443997835781294,0.4149484366885647,0.9562598072618516,-0.34244402538227503,0.0,0,0.0,2.272498533644992,0.20222735005539483,sideways_low_vol,5,47,,
fractal_plain_uniswap_v2_lp,161494.92687132128,61644.92687132128,0.6174641161560366,0.8585293972983487,0.9892678561083816,-0.6499982218837497,0.0,0,0.0,inf,0.0,sideways_low_vol,5,47,,
buy_hold_50_50,96344.77211865557,-3655.227881344428,-0.03655637470070483,0.14717134749669378,-0.179439919911388,-0.16209428674640947,0.0,0,0.0,inf,0.0,sideways_low_vol,6,48,,
fractal_dynamic_aave_hedged_lp,76599.47636017391,-23325.52363982609,-0.23345357364330255,0.27576087383279685,-0.8260960192959081,-0.3827087996571933,87878.66629551168,98,1557.8786662955117,4.423574571741198,0.1158328338576711,sideways_low_vol,6,48,0.8492448544570659,-0.6659922236333837
fractal_fixed_hedge_lp,79350.50835158609,-20574.49164841391,-0.20592024218496585,0.27287251457094003,-0.7084403715160728,-0.3523296983709425,0.0,0,0.0,2.0274946027951897,0.27772322342325495,sideways_low_vol,6,48,,
fractal_plain_uniswap_v2_lp,53499.16566535043,-46350.83433464957,-0.46424281974738413,0.8624231798095457,-0.2923669391780654,-0.7476684679230771,0.0,0,0.0,inf,0.0,sideways_low_vol,6,48,,
buy_hold_50_50,89540.94474212814,-10459.055257871863,-0.10460184599150468,0.15803934773289705,-0.620013350573306,-0.26864778978517634,0.0,0,0.0,inf,0.0,sideways_low_vol,7,49,,
fractal_dynamic_aave_hedged_lp,106491.97278028617,6566.972780286174,0.06572676143685086,0.858701331444893,0.5035657566049986,-0.5945831049834557,110700.56072540667,61,1025.7005607254066,1.9108635685278217,0.1673435614698758,sideways_low_vol,7,49,0.8492448544570659,-0.6659922236333837
fractal_fixed_hedge_lp,107765.28730022762,7840.287300227617,0.07847101974879767,0.8526854004042352,0.51502313562742,-0.5919128098330404,0.0,0,0.0,1.7647404870861552,0.18413186612256632,sideways_low_vol,7,49,,
fractal_plain_uniswap_v2_lp,104837.5826918984,4987.582691898395,0.04995659597197455,1.4180145842013654,0.7431052616893064,-0.7712193073281041,0.0,0,0.0,inf,0.0,sideways_low_vol,7,49,,
buy_hold_50_50,93481.23112110764,-6518.768878892355,-0.06519488310266952,0.1461036331590959,-0.38833469010081384,-0.1712937490250379,0.0,0,0.0,inf,0.0,sideways_low_vol,8,50,,
fractal_dynamic_aave_hedged_lp,74256.1917334489,-25668.808266551103,-0.25690593187822863,0.294738518086426,-0.8599581045884777,-0.3859244437093615,95460.89297643464,95,1520.4608929764347,3.989847127075593,0.12281914666168951,sideways_low_vol,8,50,0.8492448544570659,-0.6659922236333837
fractal_fixed_hedge_lp,78155.3532195744,-21769.646780425595,-0.21788180422831427,0.2909830596753311,-0.6989656870822192,-0.361173455456695,0.0,0,0.0,2.02572682828898,0.26811186139194937,sideways_low_vol,8,50,,
fractal_plain_uniswap_v2_lp,48684.523280324225,-51165.476719675775,-0.512463385831493,0.8447334753211498,-0.4279902262938128,-0.7174764396766075,0.0,0,0.0,inf,0.0,sideways_low_vol,8,50,,
buy_hold_50_50,121561.1165671853,21561.116567185294,0.21563826317600854,0.1529320179786568,1.353157662410048,-0.12317256810323063,0.0,0,0.0,inf,0.0,sideways_low_vol,9,51,,
fractal_dynamic_aave_hedged_lp,186219.92124621672,86294.92124621672,0.863729362027017,0.5744757785588275,1.3708633182536487,-0.33112252984047064,2069.3837494751,1,17.0693837494751,1.7160780676969434,0.1425797230558553,sideways_low_vol,9,51,0.8492448544570659,-0.6659922236333837
fractal_fixed_hedge_lp,187224.3693958792,87299.36939587921,0.8737832477623455,0.5742902197646949,1.3804875078437673,-0.33143578953855735,0.0,0,0.0,1.8829966592020932,0.13000519218064566,sideways_low_vol,9,51,,
fractal_plain_uniswap_v2_lp,290806.81521422195,190956.81521422195,1.9127922767184313,0.8385849104307536,1.6940528207202148,-0.4671392858355037,0.0,0,0.0,inf,0.0,sideways_low_vol,9,51,,
buy_hold_50_50,99505.56920815486,-494.4307918451377,-0.004944871003648044,0.15107453787259936,0.04272232391379717,-0.14350877459131706,0.0,0,0.0,inf,0.0,sideways_low_vol,10,52,,
fractal_dynamic_aave_hedged_lp,113618.97531128033,13693.97531128033,0.1370592072543675,0.4816498220590691,0.5074518071250919,-0.416009817112748,53767.86765377007,26,443.76786765377005,1.6396160684145935,0.20366446528661225,sideways_low_vol,10,52,0.8492448544570659,-0.6659922236333837
fractal_fixed_hedge_lp,114293.17119645915,14368.171196459152,0.14380709788884127,0.4797218608305958,0.5198927200035676,-0.41446661895053005,0.0,0,0.0,1.9056580258671618,0.17742078433258168,sideways_low_vol,10,52,,
fractal_plain_uniswap_v2_lp,126172.2553789277,26322.2553789277,0.26365173621713,0.8472304700502327,0.6997193430203237,-0.6209534382030039,0.0,0,0.0,inf,0.0,sideways_low_vol,10,52,,
buy_hold_50_50,98502.74431170149,-1497.2556882985082,-0.014974253411322969,0.14862988845521113,-0.027193051730531513,-0.1632877776706927,0.0,0,0.0,inf,0.0,sideways_low_vol,11,53,,
fractal_dynamic_aave_hedged_lp,136715.0811657899,36790.08116578989,0.3682259114433506,0.47075391514424464,0.9012327487380112,-0.238793745539581,72417.88618268626,47,777.4178861826863,1.8490811033340926,0.18758361666954168,sideways_low_vol,11,53,0.8492448544570659,-0.6659922236333837
fractal_fixed_hedge_lp,139351.90232860117,39426.902328601165,0.3946179001533572,0.4641678543239773,0.9485474706488443,-0.2261668002714622,0.0,0,0.0,1.9558897051206114,0.1877664807807006,sideways_low_vol,11,53,,
fractal_plain_uniswap_v2_lp,175393.2030141188,75543.2030141188,0.7566798629450073,0.856703490550446,1.0858001471701924,-0.4902427213203606,0.0,0,0.0,inf,0.0,sideways_low_vol,11,53,,
buy_hold_50_50,68306.62677633142,-31693.373223668576,-0.3169634564284687,0.3191611834731539,-1.0346637506769176,-0.41031777822344817,0.0,0,0.0,inf,0.0,high_vol_chop,0,100042,,
fractal_dynamic_aave_hedged_lp,65589.99340087324,-34335.00659912676,-0.34363932021154164,0.4022591241516203,-0.845518976016571,-0.5281485300427253,159075.98640596506,236,3699.075986405965,12.798993144578928,0.2318736650427791,high_vol_chop,0,100042,0.8492448544570659,-0.6659922236333837
fractal_fixed_hedge_lp,67509.49806436732,-32415.50193563268,-0.3244285649670151,0.41434498557719424,-0.7393323592071669,-0.5224615023590927,0.0,0,0.0,4.191326161693402,0.2615213527125674,high_vol_chop,0,100042,,
fractal_plain_uniswap_v2_lp,5221.091224546202,-94628.90877545378,-0.9477282673801762,1.4706987266929141,-1.270862126512356,-0.9779130057706875,0.0,0,0.0,inf,0.0,high_vol_chop,0,100042,,
buy_hold_50_50,117943.08391075066,17943.08391075066,0.17945306146658258,0.5863276099762614,0.5746052518640342,-0.5109067276736796,0.0,0,0.0,inf,0.0,high_vol_chop,1,100043,,
fractal_dynamic_aave_hedged_lp,60972.63022448731,-38952.36977551269,-0.3898504723139008,0.7628303357493638,-0.266221930740507,-0.5453858457423615,353874.04187301855,211,3518.8740418730185,2.219755682566307,0.06466347611631644,high_vol_chop,1,100043,0.8492448544570659,-0.6659922236333837
fractal_fixed_hedge_lp,69373.88314772192,-30551.11685227808,-0.3057693968798756,0.834026905975519,-0.020600780952871444,-0.5688543144286001,0.0,0,0.0,1.2370941335857941,0.25936011825890104,high_vol_chop,1,100043,,
fractal_plain_uniswap_v2_lp,53152.726673338424,-46697.273326661576,-0.4677125616932156,1.4641378742461544,0.3010307942826634,-0.7164425163964375,0.0,0,0.0,inf,0.0,high_vol_chop,1,100043,,
buy_hold_50_50,64330.10750835424,-35669.89249164576,-0.3567313236209666,0.364803801104403,-1.0268180623243897,-0.5064204682751485,0.0,0,0.0,inf,0.0,high_vol_chop,2,100044,,
fractal_dynamic_aave_hedged_lp,98812.52934670023,-1112.4706532997661,-0.011134320264676312,0.7204900846788324,0.3444544603442349,-0.4862168908225907,202880.1184340077,131,2167.8801184340077,2.2628181245038275,0.22594941451195305,high_vol_chop,2,100044,0.8492448544570659,-0.6659922236333837
fractal_fixed_hedge_lp,96030.69409849947,-3894.3059015005274,-0.03897664977012394,0.7199485465443002,0.304522046186972,-0.5317869091992152,0.0,0,0.0,3.937026710081728,0.18228167451058086,high_vol_chop,2,100044,,
fractal_plain_uniswap_v2_lp,59117.32135326865,-40732.67864673135,-0.40797412283914636,1.4792317547297034,0.3844552514036819,-0.8442376535926622,0.0,0,0.0,inf,0.0,high_vol_chop,2,100044,,
buy_hold_50_50,66647.02130731056,-33352.978692689445,-0.33356066038025534,0.3843429494378459,-0.8635357451240557,-0.3522814946473991,0.0,0,0.0,inf,0.0,high_vol_chop,3,100045,,
fractal_dynamic_aave_hedged_lp,102426.58492917506,2501.5849291750637,0.025037518906604772,1.7927582176819925,0.9089039137614097,-0.8745927442045056,611787.3929379911,342,5741.787392937991,2.666614034729818,0.1919187606315881,high_vol_chop,3,100045,0.8492448544570659,-0.6659922236333837
fractal_fixed_hedge_lp,112165.50350555647,12240.503505556466,0.12251171669211436,1.758185372381245,0.9434944907396113,-0.8658793072029435,0.0,0,0.0,3.0248205750975585,0.19611219886725453,high_vol_chop,3,100045,,
fractal_plain_uniswap_v2_lp,93420.52184713731,-6429.478152862692,-0.06439847807119614,3.097379026796177,1.5220143926592289,-0.9711816106956354,0.0,0,0.0,inf,0.0,high_vol_chop,3,100045,,
buy_hold_50_50,128946.88759233116,28946.887592331157,0.28950630336456507,0.37690851749225535,0.8629461690509846,-0.47640658868563945,0.0,0,0.0,inf,0.0,high_vol_chop,4,100046,,
fractal_dynamic_aave_hedged_lp,60390.81659942758,-39534.18340057242,-0.3956733085962325,0.5889901341295525,-0.5604641844234652,-0.5344311977140711,357386.52557634923,256,4197.386525576349,3.043016673179262,0.1557825606571249,high_vol_chop,4,100046,0.8492448544570659,-0.6659922236333837
fractal_fixed_hedge_lp,66895.16532577698,-33029.83467422302,-0.33057692672636185,0.5519034627930859,-0.4511447489913937,-0.5122733174268126,0.0,0,0.0,3.3701704282170595,0.22957737308228815,high_vol_chop,4,100046,,
fractal_plain_uniswap_v2_lp,55758.83173054561,-44091.16826945439,-0.4416111880353665,1.4833748323382292,0.3486255871666989,-0.695495807067984,0.0,0,0.0,inf,0.0,high_vol_chop,4,100046,,
buy_hold_50_50,93593.13943833552,-6406.860561664478,-0.0640756807035785,0.4246562718485219,0.056390102850665855,-0.28522580556935573,0.0,0,0.0,inf,0.0,high_vol_chop,5,100047,,
fractal_dynamic_aave_hedged_lp,284977.7911104037,185052.79111040372,1.8522580935158208,1.1172119718492775,1.4964366053619507,-0.7043750111278425,92790.44970165488,54,902.7904497016549,1.5390569275837043,0.1212162742524276,high_vol_chop,5,100047,0.8492448544570659,-0.6659922236333837
fractal_fixed_hedge_lp,290267.8103116496,190342.81031164958,1.9052104254967688,1.1152558636522387,1.5135937375448936,-0.7016332044986198,0.0,0,0.0,2.441954824605278,0.09775446332521115,high_vol_chop,5,100047,,
fractal_plain_uniswap_v2_lp,472734.1278098096,372884.1278098096,3.735283457257891,1.4725195464738206,1.7918557107569693,-0.7616567812237275,0.0,0,0.0,inf,0.0,high_vol_chop,5,100047,,
buy_hold_50_50,88419.30685028882,-11580.69314971118,-0.11581935592616377,0.42675142673069694,-0.07508272255943546,-0.32326561951910815,0.0,0,0.0,inf,0.0,high_vol_chop,6,100048,,
fractal_dynamic_aave_hedged_lp,169513.99530706392,69588.99530706392,0.6965146263925626,0.8772280742790969,1.0410385064889907,-0.5887544049766072,154984.18910679698,82,1384.984189106797,1.5958488803753774,0.20008218041061818,high_vol_chop,6,100048,0.8492448544570659,-0.6659922236333837
fractal_fixed_hedge_lp,177634.29344593943,77709.29344593943,0.7777929564331079,0.8562757078264789,1.099971163995099,-0.5792913402109768,0.0,0,0.0,2.488761598339582,0.15567584556765413,high_vol_chop,6,100048,,
fractal_plain_uniswap_v2_lp,243091.04837275262,143241.04837275262,1.434809650342153,1.4757231784046343,1.3404778729973468,-0.7577885370334659,0.0,0,0.0,inf,0.0,high_vol_chop,6,100048,,
buy_hold_50_50,63080.82231393496,-36919.17768606504,-0.3692249586601213,0.35496838255724766,-1.1205284493910872,-0.5203890963111768,0.0,0,0.0,inf,0.0,high_vol_chop,7,100049,,
fractal_dynamic_aave_hedged_lp,61530.5492176249,-38394.4507823751,-0.3842667694184939,1.5033949058882174,0.4282418110946974,-0.8604827426408103,739113.089520896,469,7774.113089520896,2.7187128779637417,0.19779733504692654,high_vol_chop,7,100049,0.8492448544570659,-0.6659922236333837
fractal_fixed_hedge_lp,78197.00848574929,-21727.99151425071,-0.21746490300784083,1.4040498273273538,0.5265137572768019,-0.8235927335328993,0.0,0,0.0,5.1758272567281045,0.20108197321533214,high_vol_chop,7,100049,,
fractal_plain_uniswap_v2_lp,22337.154449551075,-77512.84555044892,-0.7763311360084395,2.9638282606027904,0.9724157977488171,-0.9749932798922267,0.0,0,0.0,inf,0.0,high_vol_chop,7,100049,,
buy_hold_50_50,111453.76576874958,11453.765768749581,0.11455145616165807,0.517116747894707,0.4682602677236497,-0.32823773222980757,0.0,0,0.0,inf,0.0,high_vol_chop,8,100050,,
fractal_dynamic_aave_hedged_lp,47139.498101962025,-52785.501898037975,-0.5282916701956248,0.7568693291820001,-0.6141921070404456,-0.6362175260643529,325193.1315175843,190,3175.1931315175843,2.2704634044072898,0.09605269492991687,high_vol_chop,8,100050,0.8492448544570659,-0.6659922236333837
fractal_fixed_hedge_lp,59624.39044653147,-40300.60955346853,-0.40334375171622505,0.7216365468005619,-0.35472157492932377,-0.55007454771306,0.0,0,0.0,1.7121153964692877,0.22256838696171907,high_vol_chop,8,100050,,
fractal_plain_uniswap_v2_lp,27291.817820439286,-72558.18217956071,-0.7267123025200176,1.4793027198229112,-0.1370830546886867,-0.8596719400095577,0.0,0,0.0,inf,0.0,high_vol_chop,8,100050,,
buy_hold_50_50,262947.13415754924,162947.13415754924,1.6297615879513407,0.4565900661634802,2.3456996111585893,-0.3780164670987135,0.0,0,0.0,inf,0.0,high_vol_chop,9,100051,,
fractal_dynamic_aave_hedged_lp,85819.6106160079,-14105.389383992093,-0.1411746843856163,0.656451814053768,0.09639581322987514,-0.596886606084501,291617.8499626578,196,3231.6178499626576,2.5724801629505625,0.18582522738954974,high_vol_chop,9,100051,0.8492448544570659,-0.6659922236333837
fractal_fixed_hedge_lp,40751.71764638451,-59173.28235361549,-0.5922187152095938,0.7400211769996948,-0.8416589399669601,-0.7701304077112342,0.0,0,0.0,2.4039105042325994,0.2307402998695707,high_vol_chop,9,100051,,
fractal_plain_uniswap_v2_lp,117829.59536801378,17979.595368013775,0.18008835962893865,1.4766342954367797,0.8503552069802955,-0.8501584298720304,0.0,0,0.0,inf,0.0,high_vol_chop,9,100051,,
buy_hold_50_50,73305.76832779378,-26694.231672206224,-0.26696830519292725,0.40630786601135177,-0.561101015697878,-0.390369379820905,0.0,0,0.0,inf,0.0,high_vol_chop,10,100052,,
fractal_dynamic_aave_hedged_lp,1072539.0546236872,972614.0546236872,9.736349385116956,2.265340615389584,2.174143036503166,-0.8627393292820079,168229.87094023373,78,1338.2298709402337,1.7674835979987338,0.13988780889431116,high_vol_chop,10,100052,0.8492448544570659,-0.6659922236333837
fractal_fixed_hedge_lp,1072248.1762842773,972323.1762842773,9.733437297241986,2.2552674908072263,2.1737628512197142,-0.8627301579012159,0.0,0,0.0,2.6894143817058223,0.10848630665380078,high_vol_chop,10,100052,,
fractal_plain_uniswap_v2_lp,2019371.46175722,1919521.46175722,19.230994589202666,2.9397782011681866,2.4848863147184623,-0.8975508017842037,0.0,0,0.0,inf,0.0,high_vol_chop,10,100052,,
buy_hold_50_50,55995.58141344208,-44004.41858655792,-0.44008125701215217,0.2627124809773871,-2.075907328758406,-0.47230852502262355,0.0,0,0.0,inf,0.0,high_vol_chop,11,100053,,
fractal_dynamic_aave_hedged_lp,128754.44691414715,28829.44691414715,0.28854814257640493,0.6159224575565667,0.7193495056327465,-0.5683661809474316,234923.45042742827,158,2604.923450427428,2.814471443695419,0.2728310133050998,high_vol_chop,11,100053,0.8492448544570659,-0.6659922236333837
fractal_fixed_hedge_lp,123245.07636976388,23320.076369763876,0.23340533199678926,0.6311499537990166,0.6477367858721227,-0.5731915946795203,0.0,0,0.0,7.940299729988622,0.18742358425955827,high_vol_chop,11,100053,,
fractal_plain_uniswap_v2_lp,105986.84339100857,6136.843391008573,0.061467853069518075,1.4554531901877512,0.7680339492265081,-0.8871545763546564,0.0,0,0.0,inf,0.0,high_vol_chop,11,100053,,
buy_hold_50_50,309908.3935596802,209908.3935596802,2.0994841662768207,0.37074493706985706,3.2364057997762536,-0.15370904817543762,0.0,0,0.0,inf,0.0,strong_uptrend,0,200042,,
fractal_dynamic_aave_hedged_lp,70123.7593808105,-29801.2406191895,-0.2982644575486414,1.1453878684554384,0.2633469930049061,-0.7573878056262631,121706.9991867985,52,901.7069991867985,1.4642125029330397,0.10133629918683686,strong_uptrend,0,200042,0.8492448544570659,-0.6659922236333837
fractal_fixed_hedge_lp,43943.62251110593,-55981.37748889407,-0.5602751943659603,1.2209469268120114,-0.06204485049686291,-0.8680944970115384,0.0,0,0.0,1.3580303535129443,0.1861383424398556,strong_uptrend,0,200042,,
fractal_plain_uniswap_v2_lp,165557.83892886344,65707.83892886344,0.6581612093592608,1.5889367813620179,1.1111219029855035,-0.8003495545571069,0.0,0,0.0,inf,0.0,strong_uptrend,0,200042,,
buy_hold_50_50,92357.5441490392,-7642.455850960803,-0.0764329414862992,0.2723134687452757,-0.15580526367058173,-0.20537832474605577,0.0,0,0.0,inf,0.0,strong_uptrend,1,200043,,
fractal_dynamic_aave_hedged_lp,86787.36684095039,-13137.633159049612,-0.13148891487997316,0.45064652542964917,-0.08755999651442689,-0.3325620041697357,213260.6939396884,157,2568.2606939396883,2.796122523053615,0.19480091164972504,strong_uptrend,1,200043,0.8492448544570659,-0.6659922236333837
fractal_fixed_hedge_lp,88968.87099141315,-10956.129008586853,-0.10965532766044062,0.44702390257682295,-0.036372331470450416,-0.32609347166319025,0.0,0,0.0,2.2934863682171165,0.2317055450943417,strong_uptrend,1,200043,,
fractal_plain_uniswap_v2_lp,69160.76588421818,-30689.234115781815,-0.3073824109426455,1.1390048093848069,0.24657204053827653,-0.7207438245810678,0.0,0,0.0,inf,0.0,strong_uptrend,1,200043,,
buy_hold_50_50,103710.47271001556,3710.472710015558,0.03710904092896472,0.317762505386544,0.2735102141169747,-0.23024568160673087,0.0,0,0.0,inf,0.0,strong_uptrend,2,200044,,
fractal_dynamic_aave_hedged_lp,69104.31193563291,-30820.68806436709,-0.3084673272978644,1.5045793951051978,0.5072986195259297,-0.9104639034740758,202108.00571697426,110,1852.1080057169743,2.030416319113066,0.15034334062913307,strong_uptrend,2,200044,0.8492448544570659,-0.6659922236333837
fractal_fixed_hedge_lp,73686.25140741594,-26238.74859258406,-0.2626100682200124,1.4971515241089124,0.5452459426521398,-0.9050579705342026,0.0,0,0.0,1.8021909272066288,0.18819307524836015,strong_uptrend,2,200044,,
fractal_plain_uniswap_v2_lp,48672.2610692911,-51177.7389307089,-0.51258619609829,2.0156305320222723,0.6515571798984149,-0.9678515074202969,0.0,0,0.0,inf,0.0,strong_uptrend,2,200044,,
buy_hold_50_50,99817.90088124381,-182.09911875618855,-0.0018211988975728177,0.23276743961291785,0.10853585976306862,-0.3566658863655472,0.0,0,0.0,inf,0.0,strong_uptrend,3,200045,,
fractal_dynamic_aave_hedged_lp,143812.09871449613,43887.098714496125,0.43926021230258994,0.570881688552499,0.923170840543629,-0.6648789941426811,167836.0539391248,94,1577.8360539391247,2.071485591776806,0.2426400475422579,strong_uptrend,3,200045,0.8492448544570659,-0.6659922236333837
fractal_fixed_hedge_lp,143563.25748773487,43638.25748773487,0.4367695447320601,0.5816927004267711,0.9137479871955275,-0.6683524482295211,0.0,0,0.0,3.2604474888562747,0.17818602736771214,strong_uptrend,3,200045,,
fractal_plain_uniswap_v2_lp,184308.9659667943,84458.96596679429,0.8459876228479641,1.1526567821691505,1.107974897274257,-0.8667676246206466,0.0,0,0.0,inf,0.0,strong_uptrend,3,200045,,
buy_hold_50_50,134191.8967559628,34191.89675596281,0.3419640258851171,0.3405082803227659,1.0339310270294488,-0.1757677442797081,0.0,0,0.0,inf,0.0,strong_uptrend,4,200046,,
fractal_dynamic_aave_hedged_lp,175211.06818180066,75286.06818180066,0.7535381732573421,0.7247420983232375,1.1371183486715826,-0.3857110413793883,41100.5309763632,20,341.1005309763632,1.6145906209389076,0.1494765739421001,strong_uptrend,4,200046,0.8492448544570659,-0.6659922236333837
fractal_fixed_hedge_lp,174435.53574405896,74510.53574405896,0.745775646240523,0.7263263238898597,1.1301158030355816,-0.382374136695279,0.0,0,0.0,1.474730269004021,0.17209932006717557,strong_uptrend,4,200046,,
fractal_plain_uniswap_v2_lp,276504.55071698583,176654.55071698583,1.769521346855099,1.1604598220979703,1.457689130270324,-0.522500293713394,0.0,0,0.0,inf,0.0,strong_uptrend,4,200046,,
buy_hold_50_50,292543.77932455955,192543.77932455955,1.925796337200111,0.4311350308046546,2.7054389007202397,-0.21792409023971726,0.0,0,0.0,inf,0.0,strong_uptrend,5,200047,,
fractal_dynamic_aave_hedged_lp,560240.4475622234,460315.4475622234,4.607713034024788,0.9414020045037487,2.3019846163287996,-0.6209085107379468,50820.53044250139,20,350.82053044250137,1.3241547515692451,0.027424679609323058,strong_uptrend,5,200047,0.8492448544570659,-0.6659922236333837
fractal_fixed_hedge_lp,530555.3887002764,430630.3887002764,4.3105481567303725,0.9882781406720468,2.183425711543615,-0.6675312681941323,0.0,0,0.0,0.8237528418061475,0.15599231591022364,strong_uptrend,5,200047,,
fractal_plain_uniswap_v2_lp,1125745.7203743428,1025895.7203743428,10.277487411438205,1.154422084010765,2.675821543497982,-0.6784515096294634,0.0,0,0.0,inf,0.0,strong_uptrend,5,200047,,
buy_hold_50_50,99221.49392596814,-778.5060740318586,-0.007785946078228134,0.30416313701181685,0.12636410732180406,-0.17838704534539285,0.0,0,0.0,inf,0.0,strong_uptrend,6,200048,,
fractal_dynamic_aave_hedged_lp,56364.37177613356,-43560.62822386644,-0.43597010444151607,0.3967013887032738,-1.2449663420328316,-0.49644709165018364,168253.4829030751,168,2688.253482903075,4.943918963059138,0.10282037089318401,strong_uptrend,6,200048,0.8492448544570659,-0.6659922236333837
fractal_fixed_hedge_lp,59424.93668403215,-40500.06331596785,-0.4053398961904836,0.40075175401039587,-1.0964258154756925,-0.5037657173879602,0.0,0,0.0,1.8856699494360607,0.2778543981634115,strong_uptrend,6,200048,,
fractal_plain_uniswap_v2_lp,16219.485174200547,-83630.51482579946,-0.8375951923063383,1.1598845337055503,-0.9867610338414714,-0.8985578870864245,0.0,0,0.0,inf,0.0,strong_uptrend,6,200048,,
buy_hold_50_50,84372.20656385741,-15627.793436142587,-0.15629430313747095,0.24616022248852348,-0.5672461407718168,-0.29972599521537335,0.0,0,0.0,inf,0.0,strong_uptrend,7,200049,,
fractal_dynamic_aave_hedged_lp,574654.6489769542,474729.64897695417,4.752008312109548,0.7192877676650481,2.7918304655602113,-0.3581520563102243,124529.77473970054,67,1129.5297747397005,1.7836590223335838,0.1882734510894457,strong_uptrend,7,200049,0.8492448544570659,-0.6659922236333837
fractal_fixed_hedge_lp,578063.6231631591,478138.6231631591,4.786134361868921,0.719262545073288,2.8001239358058134,-0.3564861324773403,0.0,0,0.0,2.8589863218909697,0.1474618044008399,strong_uptrend,7,200049,,
fractal_plain_uniswap_v2_lp,1040302.9658767194,940452.9658767194,9.42144568202125,1.1624000859563302,2.597261865399488,-0.44031464364288253,0.0,0,0.0,inf,0.0,strong_uptrend,7,200049,,
buy_hold_50_50,156646.2556019495,56646.255601949495,0.5665428251854863,0.31624080033529833,1.577363852374472,-0.22279257437194888,0.0,0,0.0,inf,0.0,strong_uptrend,8,200050,,
fractal_dynamic_aave_hedged_lp,231242.83599879098,131317.83599879098,1.3143856736707624,0.6491178623338897,1.617098311811704,-0.5148355041951651,218604.85340029333,123,2063.6048534002935,1.94373612975483,0.1609485832252739,strong_uptrend,8,200050,0.8492448544570659,-0.6659922236333837
fractal_fixed_hedge_lp,226802.40803344647,126877.40803344647,1.2699387839920466,0.6538471898177088,1.5804578810910532,-0.5128235854923164,0.0,0,0.0,1.8780290428378976,0.19444145341647184,strong_uptrend,8,200050,,
fractal_plain_uniswap_v2_lp,400047.2821861772,300197.2821861772,3.007117446072872,1.1655704876693553,1.7733135505226683,-0.7037540908084051,0.0,0,0.0,inf,0.0,strong_uptrend,8,200050,,
buy_hold_50_50,258795.35069601494,158795.35069601494,1.588234467598157,0.37197423833420384,2.742356088999357,-0.27130204513689204,0.0,0,0.0,inf,0.0,strong_uptrend,9,200051,,
fractal_dynamic_aave_hedged_lp,63041.9479592555,-36883.0520407445,-0.3691405275221803,0.4613236586671246,-0.7678547327850406,-0.525079855083558,181807.66415936034,151,2446.8076641593602,3.58249390134612,0.08579933636492623,strong_uptrend,9,200051,0.8492448544570659,-0.6659922236333837
fractal_fixed_hedge_lp,10371.15822110726,-89553.84177889273,-0.8962374159131181,1.2390053069797586,-1.207121720240493,-0.9473011947314487,0.0,0,0.0,1.3660115772776038,0.41754046518464766,strong_uptrend,9,200051,,
fractal_plain_uniswap_v2_lp,54952.17221676998,-44897.82778323002,-0.4496902794461254,1.1542728281109327,0.05945610858208288,-0.8443374338973808,0.0,0,0.0,inf,0.0,strong_uptrend,9,200051,,
buy_hold_50_50,163417.2017033596,63417.201703359606,0.6342636511975626,0.3747902665274467,1.4978279664912393,-0.19907462560382427,0.0,0,0.0,inf,0.0,strong_uptrend,10,200052,,
fractal_dynamic_aave_hedged_lp,152709.08166016793,52784.081660167925,0.5283109940720996,0.7092801820694189,0.9525120845951455,-0.48469440529990937,156297.12532461298,88,1476.297125324613,1.9001552219024438,0.09141527817340103,strong_uptrend,10,200052,0.8492448544570659,-0.6659922236333837
fractal_fixed_hedge_lp,144857.35580965134,44932.355809651344,0.4497222620139112,0.7516171084590576,0.8697486999758007,-0.5241421801306823,0.0,0,0.0,1.241329029756494,0.21403143227228313,strong_uptrend,10,200052,,
fractal_plain_uniswap_v2_lp,242862.10461282526,143012.10461282526,1.4325162788208874,1.1621410730400086,1.3457827110364013,-0.6169320844446284,0.0,0,0.0,inf,0.0,strong_uptrend,10,200052,,
buy_hold_50_50,151706.8874593602,51706.88745936021,0.5171410631039679,0.34795305312335373,1.371780907471255,-0.25424122135059213,0.0,0,0.0,inf,0.0,strong_uptrend,11,200053,,
fractal_dynamic_aave_hedged_lp,133068.87341148886,33143.873411488865,0.3317310508345559,0.7775706560781563,0.7570006592649252,-0.4126325879876227,48709.97015226576,27,453.7099701522658,1.758922190633045,0.11068423511240635,strong_uptrend,11,200053,0.8492448544570659,-0.6659922236333837
fractal_fixed_hedge_lp,130639.53239680543,30714.53239680543,0.3074158616604654,0.7724327145425853,0.7330250418196295,-0.4179541315001615,0.0,0,0.0,1.412706540523957,0.1601463363942648,strong_uptrend,11,200053,,
fractal_plain_uniswap_v2_lp,203909.41203281016,104059.41203281016,1.0423238335431035,1.1618656683532143,1.195139118661837,-0.5253538868135688,0.0,0,0.0,inf,0.0,strong_uptrend,11,200053,,
buy_hold_50_50,56056.35675069195,-43943.64324930805,-0.4394734744559665,0.2230440886538969,-2.4834631757007597,-0.4461778676955662,0.0,0,0.0,inf,0.0,strong_downtrend,0,300042,,
fractal_dynamic_aave_hedged_lp,105075.5917062709,5150.591706270905,0.05155060939033307,0.5229462249093786,0.3575452255346934,-0.30863502555285827,326323.3346128813,245,4001.3233346128814,2.9978388074604476,0.25094573987342444,strong_downtrend,0,300042,0.8492448544570659,-0.6659922236333837
fractal_fixed_hedge_lp,100297.93077869213,372.9307786921272,0.003732533749515321,0.5161857584086202,0.2652683306184127,-0.3009353251330672,0.0,0,0.0,5.862478866317089,0.22026786884852903,strong_downtrend,0,300042,,
fractal_plain_uniswap_v2_lp,60314.41131433099,-39535.58868566901,-0.3959845748717288,1.4883241788087327,0.40514183802416803,-0.6851971187284926,0.0,0,0.0,inf,0.0,strong_downtrend,0,300042,,
buy_hold_50_50,69652.8268648563,-30347.173135143705,-0.30350048943898755,0.30848956152653023,-1.0180687689823458,-0.3675550021538896,0.0,0,0.0,inf,0.0,strong_downtrend,1,300043,,
fractal_dynamic_aave_hedged_lp,109230.81357799345,9305.813577993453,0.09313909447451318,0.6326622536544692,0.45695695537882547,-0.39343063836964476,358349.70711207634,234,3868.3497071120764,2.4636263042440607,0.19224457767206787,strong_downtrend,1,300043,0.8492448544570659,-0.6659922236333837
fractal_fixed_hedge_lp,112877.33886131019,12952.338861310185,0.12963632289042204,0.6138699708807409,0.5053695983709096,-0.37242278442942467,0.0,0,0.0,2.6065680688577157,0.21733453581255266,strong_downtrend,1,300043,,
fractal_plain_uniswap_v2_lp,97600.06551208685,-2249.934487913153,-0.02253568795893146,1.471522287891525,0.7195032455519901,-0.6873593295981257,0.0,0,0.0,inf,0.0,strong_downtrend,1,300043,,
buy_hold_50_50,83103.54258315155,-16896.457416848454,-0.16898213425341502,0.376401409439741,-0.30355177227897645,-0.459426262959744,0.0,0,0.0,inf,0.0,strong_downtrend,2,300044,,
fractal_dynamic_aave_hedged_lp,150857.02490718797,50932.024907187966,0.5097735249569553,2.7849890943966855,1.5343148580692607,-0.957807958910233,90597.4518881258,56,930.5974518881258,2.0016589971347725,0.10551852464349365,strong_downtrend,2,300044,0.8492448544570659,-0.6659922236333837
fractal_fixed_hedge_lp,152514.98569118,52589.98569117999,0.5263682618827898,2.7788718636964895,1.5355190969350925,-0.9572519686680843,0.0,0,0.0,1.7744215736754294,0.12430201048897536,strong_downtrend,2,300044,,
fractal_plain_uniswap_v2_lp,188981.4012159435,89131.40121594351,0.8927908518898791,3.2704210937044325,1.823253769612382,-0.9754333222145622,0.0,0,0.0,inf,0.0,strong_downtrend,2,300044,,
buy_hold_50_50,90906.5443105519,-9093.455689448107,-0.09094445165242027,0.27820153035039114,-0.20359391409101435,-0.36812248314937257,0.0,0,0.0,inf,0.0,strong_downtrend,3,300045,,
fractal_dynamic_aave_hedged_lp,1653398.542345128,1553473.542345128,15.551697127369074,3.3231879565414424,2.4990051559365125,-0.867844104678954,367170.7595405273,171,2932.1707595405273,1.8325866280016383,0.15143053826227343,strong_downtrend,3,300045,0.8492448544570659,-0.6659922236333837
fractal_fixed_hedge_lp,1659346.8084403889,1559421.8084403889,15.611250318465977,3.320352386916823,2.499513146684374,-0.8682542017983677,0.0,0,0.0,3.084575350420318,0.11127115420013374,strong_downtrend,3,300045,,
fractal_plain_uniswap_v2_lp,3208389.0662894603,3108539.0662894603,31.144820361529597,4.45202154340709,2.993325623336963,-0.9617866586722124,0.0,0,0.0,inf,0.0,strong_downtrend,3,300045,,
buy_hold_50_50,81449.76644707701,-18550.23355292299,-0.18552141529883537,0.2911010004186968,-0.5593114718975828,-0.3728053164299103,0.0,0,0.0,inf,0.0,strong_downtrend,4,300046,,
fractal_dynamic_aave_hedged_lp,68342.88503047985,-31582.114969520146,-0.3160878556133232,0.6211705592506052,-0.30101428601052327,-0.47499238373356734,305452.4615475411,203,3350.452461547541,2.743422975390045,0.19364348953519184,strong_downtrend,4,300046,0.8492448544570659,-0.6659922236333837
fractal_fixed_hedge_lp,75978.28002011258,-23946.71997988742,-0.23967071767986692,0.5996183074569557,-0.1571478309327562,-0.42255569657248915,0.0,0,0.0,2.9006496774941892,0.21467391794530363,strong_downtrend,4,300046,,
fractal_plain_uniswap_v2_lp,33694.80760889307,-66155.19239110693,-0.6625875923215881,1.4397443186924317,-0.03492043645156916,-0.8030281488741372,0.0,0,0.0,inf,0.0,strong_downtrend,4,300046,,
buy_hold_50_50,60585.67863595289,-39414.32136404711,-0.39417787435602314,0.2718325817989071,-1.7075095331988988,-0.45268934439254827,0.0,0,0.0,inf,0.0,strong_downtrend,5,300047,,
fractal_dynamic_aave_hedged_lp,157427.94825231793,57502.94825231793,0.5755428389471602,0.8366501990244765,0.9618686621973109,-0.5654939261966441,239776.57700733395,111,1904.7765770073338,1.930533884689446,0.23406477872569997,strong_downtrend,5,300047,0.8492448544570659,-0.6659922236333837
fractal_fixed_hedge_lp,151846.65610412872,51921.65610412872,0.5196788649362329,0.8469714575757555,0.9177984562155649,-0.5902429243830667,0.0,0,0.0,4.020307052582852,0.1617100089618481,strong_downtrend,5,300047,,
fractal_plain_uniswap_v2_lp,167542.95761501358,67692.95761501358,0.6780456489523496,1.5482218503743215,1.108878615026461,-0.8157742395971332,0.0,0,0.0,inf,0.0,strong_downtrend,5,300047,,
buy_hold_50_50,68772.54671455733,-31227.453285442665,-0.3123039260752848,0.2740499345957958,-1.2289898371373444,-0.44643563115915275,0.0,0,0.0,inf,0.0,strong_downtrend,6,300048,,
fractal_dynamic_aave_hedged_lp,130280.66003578914,30355.660035789144,0.30382392511507894,0.8583431686585374,0.738128943583804,-0.5631432550852917,110672.8864672806,45,785.6728864672806,2.6002847361851527,0.17955763071418684,strong_downtrend,6,300048,0.8492448544570659,-0.6659922236333837
fractal_fixed_hedge_lp,142017.62406756775,42092.624067567755,0.4212992131857325,0.8569336931497561,0.8385865804983642,-0.576985904953234,0.0,0,0.0,4.069236378426766,0.14423712857833962,strong_downtrend,6,300048,,
fractal_plain_uniswap_v2_lp,154894.88201260834,55044.882012608345,0.5513534991759841,1.4324019788372537,1.0225252090746675,-0.8219430528958962,0.0,0,0.0,inf,0.0,strong_downtrend,6,300048,,
buy_hold_50_50,66276.12239619478,-33723.87760380522,-0.3372698999255913,0.23979726257595715,-1.5954414570920832,-0.37164498370373467,0.0,0,0.0,inf,0.0,strong_downtrend,7,300049,,
fractal_dynamic_aave_hedged_lp,341425.66528185026,241500.66528185026,2.4172986113440906,0.9705635455104252,1.7493677828977283,-0.42628753757643634,130089.64817918194,81,1345.089648179182,1.9835253168188243,0.24702575229649684,strong_downtrend,7,300049,0.8492448544570659,-0.6659922236333837
fractal_fixed_hedge_lp,335152.3804954112,235227.38049541123,2.3545027689488682,0.9965321635380122,1.7106573856924598,-0.4504483730382157,0.0,0,0.0,4.073659731553974,0.16619046280941047,strong_downtrend,7,300049,,
fractal_plain_uniswap_v2_lp,538792.7849063892,438942.7849063892,4.397060441574453,1.7708136493108328,1.8331369133193642,-0.6649827169891666,0.0,0,0.0,inf,0.0,strong_downtrend,7,300049,,
buy_hold_50_50,63995.86632651977,-36004.13367348023,-0.36007394768981904,0.2871015083832315,-1.4111032885397323,-0.4258699852892589,0.0,0,0.0,inf,0.0,strong_downtrend,8,300050,,
fractal_dynamic_aave_hedged_lp,16971576.62525255,16871651.62525255,168.94274663715345,2.3872798147541383,3.336553839371536,-0.8132112746873064,61011.20936756025,30,511.01120936756024,2.874388946636621,0.09707842852933428,strong_downtrend,8,300050,0.8492448544570659,-0.6659922236333837
fractal_fixed_hedge_lp,16972449.90923384,16872524.90923384,168.95149215476835,2.3841775832128436,3.337832246218439,-0.8128632166917338,0.0,0,0.0,3.0638470858371307,0.09496815403369156,strong_downtrend,8,300050,,
fractal_plain_uniswap_v2_lp,33811811.40473945,33711961.40473945,337.8513205878026,2.623830881053029,3.52387681166655,-0.8324793384840863,0.0,0,0.0,inf,0.0,strong_downtrend,8,300050,,
buy_hold_50_50,73651.54633982044,-26348.453660179555,-0.2635102519739113,0.3376624530604775,-0.7368772148168775,-0.46855671676542365,0.0,0,0.0,inf,0.0,strong_downtrend,9,300051,,
fractal_dynamic_aave_hedged_lp,180686.5199782432,80761.51997824319,0.8083436542799609,0.7621775205031046,1.1581744662236302,-0.5606156985209314,208978.36215562545,115,1933.9783621556255,2.005272245025625,0.17074914709201325,strong_downtrend,9,300051,0.8492448544570659,-0.6659922236333837
fractal_fixed_hedge_lp,181586.61105162697,81661.61105162697,0.8173529609615482,0.7570922107978604,1.1674039596471566,-0.5590622105846993,0.0,0,0.0,2.363508429602899,0.19428107006104828,strong_downtrend,9,300051,,
fractal_plain_uniswap_v2_lp,238709.18548464574,138859.18548464574,1.3909157713467892,1.4311585651221628,1.3241755238341943,-0.7695674905276516,0.0,0,0.0,inf,0.0,strong_downtrend,9,300051,,
buy_hold_50_50,70224.66065398841,-29775.33934601159,-0.2977817321463445,0.308769176607421,-0.9903698351349657,-0.47456853063187565,0.0,0,0.0,inf,0.0,strong_downtrend,10,300052,,
fractal_dynamic_aave_hedged_lp,252008.61327185636,152083.61327185636,1.5222439775983454,0.9073847279964812,1.473017456244722,-0.5089530828684826,49538.41145295954,20,349.53841145295956,1.7893250098033178,0.18346693049606605,strong_downtrend,10,300052,0.8492448544570659,-0.6659922236333837
fractal_fixed_hedge_lp,246521.49711127923,146596.49711127923,1.46731963095767,0.914796342462191,1.444389678824679,-0.5221694964385564,0.0,0,0.0,2.706379011736289,0.13539094387051925,strong_downtrend,10,300052,,
fractal_plain_uniswap_v2_lp,365370.75760700076,265520.75760700076,2.659738352636627,1.4370068910776788,1.6207989225774413,-0.7356711038439708,0.0,0,0.0,inf,0.0,strong_downtrend,10,300052,,
buy_hold_50_50,101491.60685330516,1491.6068533051584,0.014917784114369281,0.3038843048546571,0.20065075309062638,-0.27403927088826563,0.0,0,0.0,inf,0.0,strong_downtrend,11,300053,,
fractal_dynamic_aave_hedged_lp,222778.4499048451,122853.4499048451,1.229660674856643,1.0430455747634897,1.2902531932850727,-0.6280373961171504,24777.053284135785,10,174.77705328413577,1.3784243734381607,0.163042640818158,strong_downtrend,11,300053,0.8492448544570659,-0.6659922236333837
fractal_fixed_hedge_lp,229453.26472968786,129528.26472968786,1.2964727765550603,1.0444687085069058,1.3181592236848925,-0.6187372084027914,0.0,0,0.0,2.5503610471476876,0.10219998042761073,strong_downtrend,11,300053,,
fractal_plain_uniswap_v2_lp,357759.78336528107,257909.78336528107,2.5834943718067747,1.4366745405185877,1.6065395664009976,-0.6768401284491148,0.0,0,0.0,inf,0.0,strong_downtrend,11,300053,,
buy_hold_50_50,69082.66540450123,-30917.334595498774,-0.30920251688063105,0.24130931238649916,-1.4107474834428004,-0.4496937340383371,0.0,0,0.0,inf,0.0,crash_recovery,0,400042,,
fractal_dynamic_aave_hedged_lp,508763.1674631763,408838.1674631763,4.0923964233686485,1.2152978700491646,1.9450960123600092,-0.6598584711414404,104289.67514926607,59,989.289675149266,2.1077470517010735,0.18511024306776597,crash_recovery,0,400042,0.8492448544570659,-0.6659922236333837
fractal_fixed_hedge_lp,509498.339385554,409573.339385554,4.099755868466006,1.229348183371964,1.9382670689483723,-0.6673368558149648,0.0,0,0.0,5.216415624594651,0.1270367073114862,crash_recovery,0,400042,,
fractal_plain_uniswap_v2_lp,889709.245650783,789859.245650783,7.912683468101683,1.8498957926012258,2.1059340537382876,-0.8124007473461272,0.0,0,0.0,inf,0.0,crash_recovery,0,400042,,
buy_hold_50_50,101526.45610510733,1526.4561051073251,0.015266317015162345,0.4496132738513024,0.2657088790258949,-0.3170656235765339,0.0,0,0.0,inf,0.0,crash_recovery,1,400043,,
fractal_dynamic_aave_hedged_lp,61677.20543920136,-38247.79456079864,-0.38279901995022136,0.851242386361509,-0.14132199610134083,-0.6323847666543695,418502.1643428159,259,4303.502164342815,2.3392423664251054,0.11465554007294364,crash_recovery,1,400043,0.8492448544570659,-0.6659922236333837
fractal_fixed_hedge_lp,71488.49653749075,-28436.503462509252,-0.2846058207065092,0.8176703349714636,-0.0008799650833494204,-0.5959899697484203,0.0,0,0.0,1.721115956655081,0.225533133133723,crash_recovery,1,400043,,
fractal_plain_uniswap_v2_lp,42513.21384590329,-57336.78615409671,-0.5742707087657296,1.7104937894682404,0.3578374133436027,-0.8424495908085714,0.0,0,0.0,inf,0.0,crash_recovery,1,400043,,
buy_hold_50_50,165009.8979308457,65009.897930845706,0.6501933338468222,0.48494912530857764,1.2848679380144805,-0.36301227221750476,0.0,0,0.0,inf,0.0,crash_recovery,2,400044,,
fractal_dynamic_aave_hedged_lp,16844541.97611152,16744616.97611152,167.67055648318942,4.456690433522082,3.3611439144121147,-0.9280921186291066,28235.870317511864,14,238.23587031751185,1.3774840288454926,0.025718679472544283,crash_recovery,2,400044,0.8492448544570659,-0.6659922236333837
fractal_fixed_hedge_lp,16846601.814544193,16746676.814544193,167.6911847533779,4.456191303600191,3.361055221061516,-0.9280938147513753,0.0,0,0.0,1.474011248469756,0.024632306124859542,crash_recovery,2,400044,,
fractal_plain_uniswap_v2_lp,33647005.808445305,33547155.808445305,336.19950272474347,4.546292928273567,3.535415996737515,-0.930762395009981,0.0,0,0.0,inf,0.0,crash_recovery,2,400044,,
buy_hold_50_50,80314.5806110032,-19685.4193889968,-0.19687429465730166,0.41612272996803207,-0.31213410979199385,-0.39094639231213624,0.0,0,0.0,inf,0.0,crash_recovery,3,400045,,
fractal_dynamic_aave_hedged_lp,119680.71979047243,19755.71979047243,0.19773014620125995,1.2022315758096584,0.751615883147481,-0.8094153847785298,57147.994628495944,23,402.14799462849595,1.7285930011293245,0.14773339290112744,crash_recovery,3,400045,0.8492448544570659,-0.6659922236333837
fractal_fixed_hedge_lp,117643.9227493383,17718.922749338293,0.177344161260361,1.2046687487740235,0.7382970663819811,-0.8081536602250301,0.0,0,0.0,2.0943994763280176,0.12346984947584654,crash_recovery,3,400045,,
fractal_plain_uniswap_v2_lp,116530.10252925073,16680.102529250726,0.16707218591236717,1.7243660957820868,0.9531153058354755,-0.9025794417876878,0.0,0,0.0,inf,0.0,crash_recovery,3,400045,,
buy_hold_50_50,69847.70099738888,-30152.299002611122,-0.3015516057865808,0.3867133936926234,-0.7258805253849689,-0.5064714490960449,0.0,0,0.0,inf,0.0,crash_recovery,4,400046,,
fractal_dynamic_aave_hedged_lp,46375.1726556903,-53549.8273443097,-0.5359408714117768,1.3872787975962502,0.13952166307683816,-0.8522630384835411,405606.13671576325,657,10260.606136715764,40.08914252946078,0.033337699412364655,crash_recovery,4,400046,0.8492448544570659,-0.6659922236333837
fractal_fixed_hedge_lp,70007.82714527438,-29917.17285472562,-0.29942473548079285,1.367841079724682,0.42284746753844227,-0.8127102951986588,0.0,0,0.0,2.9024834283580883,0.2760484941547853,crash_recovery,4,400046,,
fractal_plain_uniswap_v2_lp,12024.525612008845,-87825.47438799115,-0.8796032039284032,3.315674757899179,1.0166099170069343,-0.998272380831668,0.0,0,0.0,inf,0.0,crash_recovery,4,400046,,
buy_hold_50_50,59407.5513717051,-40592.4486282949,-0.4059598048054568,0.29579957506080623,-1.6071953509770622,-0.43485668529374066,0.0,0,0.0,inf,0.0,crash_recovery,5,400047,,
fractal_dynamic_aave_hedged_lp,72129.00101152377,-27795.998988476233,-0.2781954785979973,0.5109189930455554,-0.38256927877243424,-0.4605541909924534,324083.2814341619,345,5499.083281434162,4.948514335748463,0.2046538028547801,crash_recovery,5,400047,0.8492448544570659,-0.6659922236333837
fractal_fixed_hedge_lp,77958.15765898132,-21966.84234101868,-0.21985540956278482,0.4985530664526157,-0.2487532084161773,-0.45774274437802265,0.0,0,0.0,5.161921762736181,0.24787865343878812,crash_recovery,5,400047,,
fractal_plain_uniswap_v2_lp,18520.36764309903,-81329.63235690097,-0.8145537748240269,1.7528314672285583,-0.08247457236673728,-0.8884541927853054,0.0,0,0.0,inf,0.0,crash_recovery,5,400047,,
buy_hold_50_50,105846.54026174649,5846.540261746486,0.058472268964350205,0.416098202086796,0.35040186927106515,-0.23045201569225227,0.0,0,0.0,inf,0.0,crash_recovery,6,400048,,
fractal_dynamic_aave_hedged_lp,209477.13626857768,109552.13626857768,1.0965207830898835,1.7275254117110204,1.2887255278333842,-0.7618304408836989,497165.47382581356,372,6077.165473825814,3.535668717763506,0.1162316414039657,crash_recovery,6,400048,0.8492448544570659,-0.6659922236333837
fractal_fixed_hedge_lp,214088.6990628148,114163.69906281479,1.1426802508107001,1.689805381271448,1.2924652295250514,-0.7553293652618045,0.0,0,0.0,1.941437828742135,0.24386812495547802,crash_recovery,6,400048,,
fractal_plain_uniswap_v2_lp,331148.73404657154,231298.73404657154,2.316916009277227,2.790717641100869,1.8174876777287872,-0.82734100272349,0.0,0,0.0,inf,0.0,crash_recovery,6,400048,,
buy_hold_50_50,125951.04111366418,25951.041113664178,0.2595435886628832,0.48456665258990667,0.7269823417887671,-0.33037118045892344,0.0,0,0.0,inf,0.0,crash_recovery,7,400049,,
fractal_dynamic_aave_hedged_lp,274585.83969671896,174660.83969671896,1.7482364820476954,1.3190109901814704,1.425366037264829,-0.6695331961150743,49053.77855750864,25,424.0537785575086,1.3770056437828697,0.11030979554226836,crash_recovery,7,400049,0.8492448544570659,-0.6659922236333837
fractal_fixed_hedge_lp,276370.40623381437,176445.40623381437,1.7660996486671987,1.3158159541451062,1.4305440890241017,-0.6670856010424449,0.0,0,0.0,1.4280897445009277,0.10873724750988206,crash_recovery,7,400049,,
fractal_plain_uniswap_v2_lp,473439.2630396485,373589.2630396485,3.742347463189282,1.7163463109404282,1.7651054970924214,-0.7641242589472212,0.0,0,0.0,inf,0.0,crash_recovery,7,400049,,
buy_hold_50_50,87781.53443749392,-12218.465562506084,-0.12219771592710849,0.3721797575789089,-0.1596195416835622,-0.383677020328303,0.0,0,0.0,inf,0.0,crash_recovery,8,400050,,
fractal_dynamic_aave_hedged_lp,516646.9021340382,416721.9021340382,4.171316682674333,1.6084581740990693,1.8270065172533363,-0.8471087893714742,14512.765214817697,7,119.51276521481769,2.624435526248873,0.04644533720335103,crash_recovery,8,400050,0.8492448544570659,-0.6659922236333837
fractal_fixed_hedge_lp,517131.28626638924,417206.28626638924,4.176165622731263,1.6069174695301744,1.827791610833078,-0.8468930963324788,0.0,0,0.0,2.4623061307971534,0.04990326577443126,crash_recovery,8,400050,,
fractal_plain_uniswap_v2_lp,921530.3073570721,821680.3073570721,8.231488744881581,1.8232508565666392,2.131704719114032,-0.8677183754349787,0.0,0,0.0,inf,0.0,crash_recovery,8,400050,,
buy_hold_50_50,67527.49510167535,-32472.504898324652,-0.3247553185191452,0.3200371581651492,-1.0626561622902329,-0.4476820304024577,0.0,0,0.0,inf,0.0,crash_recovery,9,400051,,
fractal_dynamic_aave_hedged_lp,71057.08188320893,-28867.918116791072,-0.2889235316232466,0.790035103151769,-0.036725305721594714,-0.676521087534262,414420.7736456706,275,4539.420773645671,2.471735930400616,0.19822895214712888,crash_recovery,9,400051,0.8492448544570659,-0.6659922236333837
fractal_fixed_hedge_lp,81174.13718009523,-18750.862819904767,-0.18766863949153978,0.755167740564849,0.10219642919495185,-0.6445801459020171,0.0,0,0.0,3.901797993259508,0.20313314711622457,crash_recovery,9,400051,,
fractal_plain_uniswap_v2_lp,32071.531395025668,-67778.46860497433,-0.6788445344091001,1.7334720807098063,0.21313684699110252,-0.9104325844848261,0.0,0,0.0,inf,0.0,crash_recovery,9,400051,,
buy_hold_50_50,169743.37752689573,69743.37752689573,0.6975363177003822,0.4444159577883434,1.417178911551451,-0.45506641980250273,0.0,0,0.0,inf,0.0,crash_recovery,10,400052,,
fractal_dynamic_aave_hedged_lp,646636.6401582703,546711.6401582703,5.47259958755906,1.294320311001508,2.0894209428372728,-0.44125218605221384,164104.92667597823,75,1289.1049266759783,1.2301504675391048,0.13567228642599685,crash_recovery,10,400052,0.8492448544570659,-0.6659922236333837
fractal_fixed_hedge_lp,691371.8784428665,591446.8784428665,5.920436042868416,1.2523528101551018,2.170277797681135,-0.4280642410409643,0.0,0,0.0,1.7906584438413706,0.12340165713743077,crash_recovery,10,400052,,
fractal_plain_uniswap_v2_lp,1340407.7388079478,1240557.7388079478,12.428194603544048,1.719093096351853,2.3709639338989925,-0.5905770558055237,0.0,0,0.0,inf,0.0,crash_recovery,10,400052,,
buy_hold_50_50,101501.30111950054,1501.3011195005383,0.015014738008516382,0.3790347411097972,0.23532591590518176,-0.3239627908030872,0.0,0,0.0,inf,0.0,crash_recovery,11,400053,,
fractal_dynamic_aave_hedged_lp,62831.19310805771,-37093.80689194229,-0.37124978734974834,0.6547218882916609,-0.38131510692615805,-0.49162717991861615,404936.90790808195,424,6764.936907908082,6.139646285313774,0.12772190669811118,crash_recovery,11,400053,0.8492448544570659,-0.6659922236333837
fractal_fixed_hedge_lp,67735.1036054424,-32189.896394557596,-0.3221706591427411,0.6303296011065399,-0.3017373893360914,-0.457597809646762,0.0,0,0.0,2.530119940699543,0.2689502751979714,crash_recovery,11,400053,,
fractal_plain_uniswap_v2_lp,34368.442868071135,-65481.557131928865,-0.6558411789071338,2.148767444455061,0.5775107844013632,-0.925182410430371,0.0,0,0.0,inf,0.0,crash_recovery,11,400053,,
