strategy_name,initial_nav,final_nav,net_pnl,total_lp_fees,total_aave_borrow_cost,total_aave_supply_yield,total_gas_cost,total_slippage_cost,total_turnover,mc_scenario,mc_path_id,mc_seed
buy_hold_50_50,100000.0,90135.31674546101,-9864.683254538992,0.0,0.0,0.0,0.0,0.0,0.0,sideways_low_vol,0,42
fractal_dynamic_aave_hedged_lp,99925.0,54878.133337166924,-45046.866662833076,13616.343380179924,263.5627311723457,1910.3734684131796,3360.0,135.31424096307612,135314.24096307612,sideways_low_vol,0,42
fractal_fixed_hedge_lp,99925.0,58370.031138048915,-41554.968861951085,13616.343380179924,731.6713541298476,1910.3734684131796,0.0,0.0,0.0,sideways_low_vol,0,42
fractal_plain_uniswap_v2_lp,99850.0,6010.360341024778,-93839.63965897523,27232.686760359848,0.0,0.0,0.0,0.0,0.0,sideways_low_vol,0,42
buy_hold_50_50,100000.0,84061.47305676396,-15938.526943236036,0.0,0.0,0.0,0.0,0.0,0.0,sideways_low_vol,1,43
fractal_dynamic_aave_hedged_lp,99925.0,100622.62282985818,697.6228298581846,10258.183601947183,777.0920666323293,1910.3734684131796,1410.0,150.8058036478499,150805.8036478499,sideways_low_vol,1,43
fractal_fixed_hedge_lp,99925.0,102695.12863387872,2770.1286338787177,10258.183601947183,778.3346108263107,1910.3734684131796,0.0,0.0,0.0,sideways_low_vol,1,43
fractal_plain_uniswap_v2_lp,99850.0,89598.92387404558,-10251.076125954423,20516.367203894366,0.0,0.0,0.0,0.0,0.0,sideways_low_vol,1,43
buy_hold_50_50,100000.0,114094.54585979099,14094.54585979099,0.0,0.0,0.0,0.0,0.0,0.0,sideways_low_vol,2,44
fractal_dynamic_aave_hedged_lp,99925.0,192421.58721630502,92496.58721630502,66564.61979398789,1009.6612461018259,1910.3734684131796,555.0,62.901259465673895,62901.2594656739,sideways_low_vol,2,44
fractal_fixed_hedge_lp,99925.0,193002.51735001267,93077.51735001267,66564.61979398789,1019.7730982635364,1910.3734684131796,0.0,0.0,0.0,sideways_low_vol,2,44
fractal_plain_uniswap_v2_lp,99850.0,296186.07653065433,196336.07653065433,133129.23958797578,0.0,0.0,0.0,0.0,0.0,sideways_low_vol,2,44
buy_hold_50_50,100000.0,99870.97867042104,-129.0213295789581,0.0,0.0,0.0,0.0,0.0,0.0,sideways_low_vol,3,45
fractal_dynamic_aave_hedged_lp,99925.0,78306.14904012362,-21618.850959876378,5959.585728769545,520.558534048424,1910.3734684131796,1425.0,101.96856441746772,101968.56441746771,sideways_low_vol,3,45
fractal_fixed_hedge_lp,99925.0,78724.5198493735,-21200.480150626507,5959.585728769545,944.4852377645444,1910.3734684131796,0.0,0.0,0.0,sideways_low_vol,3,45
fractal_plain_uniswap_v2_lp,99850.0,55407.760990509385,-44442.239009490615,11919.17145753909,0.0,0.0,0.0,0.0,0.0,sideways_low_vol,3,45
buy_hold_50_50,100000.0,113569.06767715942,13569.067677159415,0.0,0.0,0.0,0.0,0.0,0.0,sideways_low_vol,4,46
fractal_dynamic_aave_hedged_lp,99925.0,116535.30377779611,16610.303777796114,2029.2456253948317,1001.2730977437001,1910.3734684131796,645.0,84.2685497114737,84268.5497114737,sideways_low_vol,4,46
fractal_fixed_hedge_lp,99925.0,117775.74448137199,17850.744481371992,2029.2456253948317,1030.6318551559089,1910.3734684131796,0.0,0.0,0.0,sideways_low_vol,4,46
fractal_plain_uniswap_v2_lp,99850.0,145308.2674611701,45458.26746117009,4058.4912507896634,0.0,0.0,0.0,0.0,0.0,sideways_low_vol,4,46
buy_hold_50_50,100000.0,89518.83407758988,-10481.165922410117,0.0,0.0,0.0,0.0,0.0,0.0,sideways_low_vol,5,47
fractal_dynamic_aave_hedged_lp,99925.0,135690.0198127894,35765.0198127894,7307.084094196224,822.8772180768808,1910.3734684131796,795.0,75.92717535306122,75927.17535306123,sideways_low_vol,5,47
fractal_fixed_hedge_lp,99925.0,136336.82846609177,36411.82846609177,7307.084094196224,768.7661180540817,1910.3734684131796,0.0,0.0,0.0,sideways_low_vol,5,47
fractal_plain_uniswap_v2_lp,99850.0,161494.92687132128,61644.92687132128,14614.168188392448,0.0,0.0,0.0,0.0,0.0,sideways_low_vol,5,47
buy_hold_50_50,100000.0,96344.77211865557,-3655.227881344428,0.0,0.0,0.0,0.0,0.0,0.0,sideways_low_vol,6,48
fractal_dynamic_aave_hedged_lp,99925.0,76599.47636017391,-23325.52363982609,1378.2078693603885,427.3511067850828,1910.3734684131796,1470.0,87.87866629551169,87878.66629551168,sideways_low_vol,6,48
fractal_fixed_hedge_lp,99925.0,79350.50835158609,-20574.49164841391,1378.2078693603885,860.5700290511808,1910.3734684131796,0.0,0.0,0.0,sideways_low_vol,6,48
fractal_plain_uniswap_v2_lp,99850.0,53499.16566535043,-46350.83433464957,2756.415738720777,0.0,0.0,0.0,0.0,0.0,sideways_low_vol,6,48
buy_hold_50_50,100000.0,89540.94474212814,-10459.055257871863,0.0,0.0,0.0,0.0,0.0,0.0,sideways_low_vol,7,49
fractal_dynamic_aave_hedged_lp,99925.0,106491.97278028617,6566.972780286174,63110.80424547098,971.5999700325842,1910.3734684131796,915.0,110.70056072540669,110700.56072540667,sideways_low_vol,7,49
fractal_fixed_hedge_lp,99925.0,107765.28730022762,7840.287300227617,63110.80424547098,1002.2523756597367,1910.3734684131796,0.0,0.0,0.0,sideways_low_vol,7,49
fractal_plain_uniswap_v2_lp,99850.0,104837.5826918984,4987.582691898395,126221.60849094196,0.0,0.0,0.0,0.0,0.0,sideways_low_vol,7,49
buy_hold_50_50,100000.0,93481.23112110764,-6518.768878892355,0.0,0.0,0.0,0.0,0.0,0.0,sideways_low_vol,8,50
fractal_dynamic_aave_hedged_lp,99925.0,74256.1917334489,-25668.808266551103,12300.93916844111,484.5215310661139,1910.3734684131796,1425.0,95.46089297643465,95460.89297643464,sideways_low_vol,8,50
fractal_fixed_hedge_lp,99925.0,78155.3532195744,-21769.646780425595,12300.93916844111,863.5680598661894,1910.3734684131796,0.0,0.0,0.0,sideways_low_vol,8,50
fractal_plain_uniswap_v2_lp,99850.0,48684.523280324225,-51165.476719675775,24601.87833688222,0.0,0.0,0.0,0.0,0.0,sideways_low_vol,8,50
buy_hold_50_50,100000.0,121561.1165671853,21561.116567185294,0.0,0.0,0.0,0.0,0.0,0.0,sideways_low_vol,9,51
fractal_dynamic_aave_hedged_lp,99925.0,186219.92124621672,86294.92124621672,6082.809340045215,1031.2552061370122,1910.3734684131796,15.0,2.0693837494751004,2069.3837494751,sideways_low_vol,9,51
fractal_fixed_hedge_lp,99925.0,187224.3693958792,87299.36939587921,6082.809340045215,939.7977423654293,1910.3734684131796,0.0,0.0,0.0,sideways_low_vol,9,51
fractal_plain_uniswap_v2_lp,99850.0,290806.81521422195,190956.81521422195,12165.61868009043,0.0,0.0,0.0,0.0,0.0,sideways_low_vol,9,51
buy_hold_50_50,100000.0,99505.56920815486,-494.4307918451377,0.0,0.0,0.0,0.0,0.0,0.0,sideways_low_vol,10,52
fractal_dynamic_aave_hedged_lp,99925.0,113618.97531128033,13693.97531128033,3826.383742978632,1069.5980361724564,1910.3734684131796,390.0,53.76786765377006,53767.86765377007,sideways_low_vol,10,52
fractal_fixed_hedge_lp,99925.0,114293.17119645915,14368.171196459152,3826.383742978632,913.1452022006611,1910.3734684131796,0.0,0.0,0.0,sideways_low_vol,10,52
fractal_plain_uniswap_v2_lp,99850.0,126172.2553789277,26322.2553789277,7652.767485957264,0.0,0.0,0.0,0.0,0.0,sideways_low_vol,10,52
buy_hold_50_50,100000.0,98502.74431170149,-1497.2556882985082,0.0,0.0,0.0,0.0,0.0,0.0,sideways_low_vol,11,53
fractal_dynamic_aave_hedged_lp,99925.0,136715.0811657899,36790.08116578989,954.2684659736308,981.8933863996572,1910.3734684131796,705.0,72.41788618268626,72417.88618268626,sideways_low_vol,11,53
fractal_fixed_hedge_lp,99925.0,139351.90232860117,39426.902328601165,954.2684659736308,890.4438008021611,1910.3734684131796,0.0,0.0,0.0,sideways_low_vol,11,53
fractal_plain_uniswap_v2_lp,99850.0,175393.2030141188,75543.2030141188,1908.5369319472616,0.0,0.0,0.0,0.0,0.0,sideways_low_vol,11,53
buy_hold_50_50,100000.0,68306.62677633142,-31693.373223668576,0.0,0.0,0.0,0.0,0.0,0.0,high_vol_chop,0,100042
fractal_dynamic_aave_hedged_lp,99925.0,65589.99340087324,-34335.00659912676,11625.713907588297,383.3793030151095,1910.3734684131796,3540.0,159.07598640596504,159075.98640596506,high_vol_chop,0,100042
fractal_fixed_hedge_lp,99925.0,67509.49806436732,-32415.50193563268,11625.713907588297,460.7304926204144,1910.3734684131796,0.0,0.0,0.0,high_vol_chop,0,100042
fractal_plain_uniswap_v2_lp,99849.99999999999,5221.091224546202,-94628.90877545378,23251.427815176594,0.0,0.0,0.0,0.0,0.0,high_vol_chop,0,100042
buy_hold_50_50,100000.0,117943.08391075066,17943.08391075066,0.0,0.0,0.0,0.0,0.0,0.0,high_vol_chop,1,100043
fractal_dynamic_aave_hedged_lp,99925.0,60972.63022448731,-38952.36977551269,1932.9644393028914,825.1408350184979,1910.3734684131796,3165.0,353.87404187301854,353874.04187301855,high_vol_chop,1,100043
fractal_fixed_hedge_lp,99925.0,69373.88314772192,-30551.11685227808,1932.9644393028914,1498.577740062178,1910.3734684131796,0.0,0.0,0.0,high_vol_chop,1,100043
fractal_plain_uniswap_v2_lp,99850.0,53152.726673338424,-46697.273326661576,3865.9288786057828,0.0,0.0,0.0,0.0,0.0,high_vol_chop,1,100043
buy_hold_50_50,100000.0,64330.10750835424,-35669.89249164576,0.0,0.0,0.0,0.0,0.0,0.0,high_vol_chop,2,100044
fractal_dynamic_aave_hedged_lp,99925.0,98812.52934670023,-1112.4706532997661,3701.9073168063173,837.5363644689953,1910.3734684131796,1965.0,202.8801184340077,202880.1184340077,high_vol_chop,2,100044
fractal_fixed_hedge_lp,99925.0,96030.69409849947,-3894.3059015005274,3701.9073168063173,575.1138989533515,1910.3734684131796,0.0,0.0,0.0,high_vol_chop,2,100044
fractal_plain_uniswap_v2_lp,99850.0,59117.32135326865,-40732.67864673135,7403.814633612635,0.0,0.0,0.0,0.0,0.0,high_vol_chop,2,100044
buy_hold_50_50,100000.0,66647.02130731056,-33352.978692689445,0.0,0.0,0.0,0.0,0.0,0.0,high_vol_chop,3,100045
fractal_dynamic_aave_hedged_lp,99925.0,102426.58492917506,2501.5849291750637,198876.20333406967,803.8455043695209,1910.3734684131796,5130.0,611.7873929379912,611787.3929379911,high_vol_chop,3,100045
fractal_fixed_hedge_lp,99925.0,112165.50350555647,12240.503505556466,198876.20333406967,608.7058066069358,1910.3734684131796,0.0,0.0,0.0,high_vol_chop,3,100045
fractal_plain_uniswap_v2_lp,99850.0,93420.52184713731,-6429.478152862692,397752.40666813933,0.0,0.0,0.0,0.0,0.0,high_vol_chop,3,100045
buy_hold_50_50,100000.0,128946.88759233116,28946.887592331157,0.0,0.0,0.0,0.0,0.0,0.0,high_vol_chop,4,100046
fractal_dynamic_aave_hedged_lp,99925.0,60390.81659942758,-39534.18340057242,27515.32470525279,644.6952390423462,1910.3734684131796,3840.0,357.3865255763492,357386.52557634923,high_vol_chop,4,100046
fractal_fixed_hedge_lp,99925.0,66895.16532577698,-33029.83467422302,27515.32470525279,610.8053415442068,1910.3734684131796,0.0,0.0,0.0,high_vol_chop,4,100046
fractal_plain_uniswap_v2_lp,99850.0,55758.83173054561,-44091.16826945439,55030.64941050558,0.0,0.0,0.0,0.0,0.0,high_vol_chop,4,100046
buy_hold_50_50,100000.0,93593.13943833552,-6406.860561664478,0.0,0.0,0.0,0.0,0.0,0.0,high_vol_chop,5,100047
fractal_dynamic_aave_hedged_lp,99925.0,284977.7911104037,185052.79111040372,24259.961304152745,1197.7013893838866,1910.3734684131796,810.0,92.7904497016549,92790.44970165488,high_vol_chop,5,100047
fractal_fixed_hedge_lp,99925.0,290267.8103116496,190342.81031164958,24259.961304152745,728.4241381810726,1910.3734684131796,0.0,0.0,0.0,high_vol_chop,5,100047
fractal_plain_uniswap_v2_lp,99850.0,472734.1278098096,372884.1278098096,48519.92260830549,0.0,0.0,0.0,0.0,0.0,high_vol_chop,5,100047
buy_hold_50_50,100000.0,88419.30685028882,-11580.69314971118,0.0,0.0,0.0,0.0,0.0,0.0,high_vol_chop,6,100048
fractal_dynamic_aave_hedged_lp,99925.0,169513.99530706392,69588.99530706392,284.984836110797,1167.959711059913,1910.3734684131796,1230.0,154.98418910679698,154984.18910679698,high_vol_chop,6,100048
fractal_fixed_hedge_lp,99925.0,177634.29344593943,77709.29344593943,284.984836110797,735.9541274077533,1910.3734684131796,0.0,0.0,0.0,high_vol_chop,6,100048
fractal_plain_uniswap_v2_lp,99850.0,243091.04837275262,143241.04837275262,569.969672221594,0.0,0.0,0.0,0.0,0.0,high_vol_chop,6,100048
buy_hold_50_50,100000.0,63080.82231393496,-36919.17768606504,0.0,0.0,0.0,0.0,0.0,0.0,high_vol_chop,7,100049
fractal_dynamic_aave_hedged_lp,99925.0,61530.5492176249,-38394.4507823751,127313.59613299748,779.9802822976978,1910.3734684131796,7035.0,739.113089520896,739113.089520896,high_vol_chop,7,100049
fractal_fixed_hedge_lp,99925.0,78197.00848574929,-21727.99151425071,127313.59613299748,548.8591621686583,1910.3734684131796,0.0,0.0,0.0,high_vol_chop,7,100049
fractal_plain_uniswap_v2_lp,99850.0,22337.154449551075,-77512.84555044892,254627.19226599496,0.0,0.0,0.0,0.0,0.0,high_vol_chop,7,100049
buy_hold_50_50,100000.0,111453.76576874958,11453.765768749581,0.0,0.0,0.0,0.0,0.0,0.0,high_vol_chop,8,100050
fractal_dynamic_aave_hedged_lp,99925.0,47139.498101962025,-52785.501898037975,1527.0145798402277,858.7175684007386,1910.3734684131796,2850.0,325.19313151758433,325193.1315175843,high_vol_chop,8,100050
fractal_fixed_hedge_lp,99925.0,59624.39044653147,-40300.60955346853,1527.0145798402277,1071.4045549503317,1910.3734684131796,0.0,0.0,0.0,high_vol_chop,8,100050
fractal_plain_uniswap_v2_lp,99850.0,27291.817820439286,-72558.18217956071,3054.0291596804555,0.0,0.0,0.0,0.0,0.0,high_vol_chop,8,100050
buy_hold_50_50,100000.0,262947.13415754924,162947.13415754924,0.0,0.0,0.0,0.0,0.0,0.0,high_vol_chop,9,100051
fractal_dynamic_aave_hedged_lp,99925.0,85819.6106160079,-14105.389383992093,3627.989628932279,760.2284756973188,1910.3734684131796,2940.0,291.6178499626578,291617.8499626578,high_vol_chop,9,100051
fractal_fixed_hedge_lp,99925.0,40751.71764638451,-59173.28235361549,3627.989628932279,925.6723564840954,1910.3734684131796,0.0,0.0,0.0,high_vol_chop,9,100051
fractal_plain_uniswap_v2_lp,99850.0,117829.59536801378,17979.595368013775,7255.979257864558,0.0,0.0,0.0,0.0,0.0,high_vol_chop,9,100051
buy_hold_50_50,100000.0,73305.76832779378,-26694.231672206224,0.0,0.0,0.0,0.0,0.0,0.0,high_vol_chop,10,100052
fractal_dynamic_aave_hedged_lp,99925.0,1072539.0546236872,972614.0546236872,711567.5394937971,1016.1402327993135,1910.3734684131796,1170.0,168.22987094023375,168229.87094023373,high_vol_chop,10,100052
fractal_fixed_hedge_lp,99925.0,1072248.1762842773,972323.1762842773,711567.5394937971,675.8160870942104,1910.3734684131796,0.0,0.0,0.0,high_vol_chop,10,100052
fractal_plain_uniswap_v2_lp,99850.0,2019371.46175722,1919521.46175722,1423135.0789875942,0.0,0.0,0.0,0.0,0.0,high_vol_chop,10,100052
buy_hold_50_50,100000.0,55995.58141344208,-44004.41858655792,0.0,0.0,0.0,0.0,0.0,0.0,high_vol_chop,11,100053
fractal_dynamic_aave_hedged_lp,99925.0,128754.44691414715,28829.44691414715,11490.469469740525,725.6399585513707,1910.3734684131796,2370.0,234.92345042742824,234923.45042742827,high_vol_chop,11,100053
fractal_fixed_hedge_lp,99925.0,123245.07636976388,23320.076369763876,11490.469469740525,332.3083713384718,1910.3734684131796,0.0,0.0,0.0,high_vol_chop,11,100053
fractal_plain_uniswap_v2_lp,99850.0,105986.84339100857,6136.843391008573,22980.93893948105,0.0,0.0,0.0,0.0,0.0,high_vol_chop,11,100053
buy_hold_50_50,100000.0,309908.3935596802,209908.3935596802,0.0,0.0,0.0,0.0,0.0,0.0,strong_uptrend,0,200042
fractal_dynamic_aave_hedged_lp,99925.0,70123.7593808105,-29801.2406191895,118737.71420012081,1298.28684979426,1910.3734684131796,780.0,121.70699918679848,121706.9991867985,strong_uptrend,0,200042
fractal_fixed_hedge_lp,99925.0,43943.62251110593,-55981.37748889407,118737.71420012081,1669.5431589861264,1910.3734684131796,0.0,0.0,0.0,strong_uptrend,0,200042
fractal_plain_uniswap_v2_lp,99850.0,165557.83892886344,65707.83892886344,237475.42840024162,0.0,0.0,0.0,0.0,0.0,strong_uptrend,0,200042
buy_hold_50_50,100000.0,92357.5441490392,-7642.455850960803,0.0,0.0,0.0,0.0,0.0,0.0,strong_uptrend,1,200043
fractal_dynamic_aave_hedged_lp,99925.0,86787.36684095039,-13137.633159049612,3801.087274504674,661.4422892836774,1910.3734684131796,2355.0,213.2606939396884,213260.6939396884,strong_uptrend,1,200043
fractal_fixed_hedge_lp,99925.0,88968.87099141315,-10956.129008586853,3801.087274504674,765.0161888496466,1910.3734684131796,0.0,0.0,0.0,strong_uptrend,1,200043
fractal_plain_uniswap_v2_lp,99850.0,69160.76588421818,-30689.234115781815,7602.174549009348,0.0,0.0,0.0,0.0,0.0,strong_uptrend,1,200043
buy_hold_50_50,100000.0,103710.47271001556,3710.472710015558,0.0,0.0,0.0,0.0,0.0,0.0,strong_uptrend,2,200044
fractal_dynamic_aave_hedged_lp,99925.0,69104.31193563291,-30820.68806436709,242876.28678296087,896.5915050325925,1910.3734684131796,1650.0,202.10800571697428,202108.00571697426,strong_uptrend,2,200044
fractal_fixed_hedge_lp,99925.0,73686.25140741594,-26238.74859258406,242876.28678296087,985.6869781496587,1910.3734684131796,0.0,0.0,0.0,strong_uptrend,2,200044
fractal_plain_uniswap_v2_lp,99850.0,48672.2610692911,-51177.7389307089,485752.57356592175,0.0,0.0,0.0,0.0,0.0,strong_uptrend,2,200044
buy_hold_50_50,100000.0,99817.90088124381,-182.09911875618855,0.0,0.0,0.0,0.0,0.0,0.0,strong_uptrend,3,200045
fractal_dynamic_aave_hedged_lp,99925.0,143812.09871449613,43887.098714496125,12415.35557627907,884.0191867697927,1910.3734684131796,1410.0,167.83605393912478,167836.0539391248,strong_uptrend,3,200045
fractal_fixed_hedge_lp,99925.0,143563.25748773487,43638.25748773487,12415.35557627907,578.8740267908286,1910.3734684131796,0.0,0.0,0.0,strong_uptrend,3,200045
fractal_plain_uniswap_v2_lp,99850.0,184308.9659667943,84458.96596679429,24830.71115255814,0.0,0.0,0.0,0.0,0.0,strong_uptrend,3,200045
buy_hold_50_50,100000.0,134191.8967559628,34191.89675596281,0.0,0.0,0.0,0.0,0.0,0.0,strong_uptrend,4,200046
fractal_dynamic_aave_hedged_lp,99925.0,175211.06818180066,75286.06818180066,3199.7266994756133,1087.2058813578021,1910.3734684131796,300.0,41.1005309763632,41100.5309763632,strong_uptrend,4,200046
fractal_fixed_hedge_lp,99925.0,174435.53574405896,74510.53574405896,3199.7266994756133,1217.5372858073933,1910.3734684131796,0.0,0.0,0.0,strong_uptrend,4,200046
fractal_plain_uniswap_v2_lp,99850.0,276504.55071698583,176654.55071698583,6399.4533989512265,0.0,0.0,0.0,0.0,0.0,strong_uptrend,4,200046
buy_hold_50_50,100000.0,292543.77932455955,192543.77932455955,0.0,0.0,0.0,0.0,0.0,0.0,strong_uptrend,5,200047
fractal_dynamic_aave_hedged_lp,99925.0,560240.4475622234,460315.4475622234,2087.7827808901798,1376.3876325017345,1910.3734684131796,300.0,50.820530442501386,50820.53044250139,strong_uptrend,5,200047
fractal_fixed_hedge_lp,99925.0,530555.3887002764,430630.3887002764,2087.7827808901798,2520.5158680152367,1910.3734684131796,0.0,0.0,0.0,strong_uptrend,5,200047
fractal_plain_uniswap_v2_lp,99850.0,1125745.7203743428,1025895.7203743428,4175.5655617803595,0.0,0.0,0.0,0.0,0.0,strong_uptrend,5,200047
buy_hold_50_50,100000.0,99221.49392596814,-778.5060740318586,0.0,0.0,0.0,0.0,0.0,0.0,strong_uptrend,6,200048
fractal_dynamic_aave_hedged_lp,99925.0,56364.37177613356,-43560.62822386644,9400.939434567752,477.40232389688106,1910.3734684131796,2520.0,168.2534829030751,168253.4829030751,strong_uptrend,6,200048
fractal_fixed_hedge_lp,99925.0,59424.93668403215,-40500.06331596785,9400.939434567752,925.5439888713217,1910.3734684131796,0.0,0.0,0.0,strong_uptrend,6,200048
fractal_plain_uniswap_v2_lp,99850.0,16219.485174200547,-83630.51482579946,18801.878869135504,0.0,0.0,0.0,0.0,0.0,strong_uptrend,6,200048
buy_hold_50_50,100000.0,84372.20656385741,-15627.793436142587,0.0,0.0,0.0,0.0,0.0,0.0,strong_uptrend,7,200049
fractal_dynamic_aave_hedged_lp,99925.0,574654.6489769542,474729.64897695417,1952.853674808745,997.7131174037547,1910.3734684131796,1005.0,124.52977473970053,124529.77473970054,strong_uptrend,7,200049
fractal_fixed_hedge_lp,99925.0,578063.6231631591,478138.6231631591,1952.853674808745,629.9990979795332,1910.3734684131796,0.0,0.0,0.0,strong_uptrend,7,200049
fractal_plain_uniswap_v2_lp,99850.0,1040302.9658767194,940452.9658767194,3905.70734961749,0.0,0.0,0.0,0.0,0.0,strong_uptrend,7,200049
buy_hold_50_50,100000.0,156646.2556019495,56646.255601949495,0.0,0.0,0.0,0.0,0.0,0.0,strong_uptrend,8,200050
fractal_dynamic_aave_hedged_lp,99925.0,231242.83599879098,131317.83599879098,15888.170684002554,927.5452960264341,1910.3734684131796,1845.0,218.60485340029334,218604.85340029333,strong_uptrend,8,200050
fractal_fixed_hedge_lp,99925.0,226802.40803344647,126877.40803344647,15888.170684002554,1093.363047700976,1910.3734684131796,0.0,0.0,0.0,strong_uptrend,8,200050
fractal_plain_uniswap_v2_lp,99850.0,400047.2821861772,300197.2821861772,31776.34136800511,0.0,0.0,0.0,0.0,0.0,strong_uptrend,8,200050
buy_hold_50_50,100000.0,258795.35069601494,158795.35069601494,0.0,0.0,0.0,0.0,0.0,0.0,strong_uptrend,9,200051
fractal_dynamic_aave_hedged_lp,99925.0,63041.9479592555,-36883.0520407445,11685.237518499918,580.0786548061006,1910.3734684131796,2265.0,181.80766415936031,181807.66415936034,strong_uptrend,9,200051
fractal_fixed_hedge_lp,99925.0,10371.15822110726,-89553.84177889273,11685.237518499918,1629.3591955930447,1910.3734684131796,0.0,0.0,0.0,strong_uptrend,9,200051
fractal_plain_uniswap_v2_lp,99850.0,54952.17221676998,-44897.82778323002,23370.475036999836,0.0,0.0,0.0,0.0,0.0,strong_uptrend,9,200051
buy_hold_50_50,100000.0,163417.2017033596,63417.201703359606,0.0,0.0,0.0,0.0,0.0,0.0,strong_uptrend,10,200052
fractal_dynamic_aave_hedged_lp,99925.0,152709.08166016793,52784.081660167925,34751.560940312185,928.8412575805789,1910.3734684131796,1320.0,156.29712532461298,156297.12532461298,strong_uptrend,10,200052
fractal_fixed_hedge_lp,99925.0,144857.35580965134,44932.355809651344,34751.560940312185,1572.5271069798537,1910.3734684131796,0.0,0.0,0.0,strong_uptrend,10,200052
fractal_plain_uniswap_v2_lp,99850.0,242862.10461282526,143012.10461282526,69503.12188062437,0.0,0.0,0.0,0.0,0.0,strong_uptrend,10,200052
buy_hold_50_50,100000.0,151706.8874593602,51706.88745936021,0.0,0.0,0.0,0.0,0.0,0.0,strong_uptrend,11,200053
fractal_dynamic_aave_hedged_lp,99925.0,133068.87341148886,33143.873411488865,1074.4121400811318,1007.1674301816306,1910.3734684131796,405.0,48.70997015226577,48709.97015226576,strong_uptrend,11,200053
fractal_fixed_hedge_lp,99925.0,130639.53239680543,30714.53239680543,1074.4121400811318,1283.3597862875636,1910.3734684131796,0.0,0.0,0.0,strong_uptrend,11,200053
fractal_plain_uniswap_v2_lp,99850.0,203909.41203281016,104059.41203281016,2148.8242801622637,0.0,0.0,0.0,0.0,0.0,strong_uptrend,11,200053
buy_hold_50_50,100000.0,56056.35675069195,-43943.64324930805,0.0,0.0,0.0,0.0,0.0,0.0,strong_downtrend,0,300042
fractal_dynamic_aave_hedged_lp,99925.0,105075.5917062709,5150.591706270905,40929.84517849017,616.2515294228042,1910.3734684131796,3675.0,326.32333461288124,326323.3346128813,strong_downtrend,0,300042
fractal_fixed_hedge_lp,99925.0,100297.93077869213,372.9307786921272,40929.84517849017,417.44747527859886,1910.3734684131796,0.0,0.0,0.0,strong_downtrend,0,300042
fractal_plain_uniswap_v2_lp,99850.0,60314.41131433099,-39535.58868566901,81859.69035698034,0.0,0.0,0.0,0.0,0.0,strong_downtrend,0,300042
buy_hold_50_50,100000.0,69652.8268648563,-30347.173135143705,0.0,0.0,0.0,0.0,0.0,0.0,strong_downtrend,1,300043
fractal_dynamic_aave_hedged_lp,99925.0,109230.81357799345,9305.813577993453,29036.177872537693,739.7227781670892,1910.3734684131796,3510.0,358.3497071120763,358349.70711207634,strong_downtrend,1,300043
fractal_fixed_hedge_lp,99925.0,112877.33886131019,12952.338861310185,29036.177872537693,711.107209048562,1910.3734684131796,0.0,0.0,0.0,strong_downtrend,1,300043
fractal_plain_uniswap_v2_lp,99850.0,97600.06551208685,-2249.934487913153,58072.35574507539,0.0,0.0,0.0,0.0,0.0,strong_downtrend,1,300043
buy_hold_50_50,100000.0,83103.54258315155,-16896.457416848454,0.0,0.0,0.0,0.0,0.0,0.0,strong_downtrend,2,300044
fractal_dynamic_aave_hedged_lp,99925.0,150857.02490718797,50932.024907187966,1669874.0187066067,953.2301182072496,1910.3734684131796,840.0,90.5974518881258,90597.4518881258,strong_downtrend,2,300044
fractal_fixed_hedge_lp,99925.0,152514.98569118,52589.98569117999,1669874.0187066067,1056.2208683779231,1910.3734684131796,0.0,0.0,0.0,strong_downtrend,2,300044
fractal_plain_uniswap_v2_lp,99850.0,188981.4012159435,89131.40121594351,3339748.0374132134,0.0,0.0,0.0,0.0,0.0,strong_downtrend,2,300044
buy_hold_50_50,100000.0,90906.5443105519,-9093.455689448107,0.0,0.0,0.0,0.0,0.0,0.0,strong_downtrend,3,300045
fractal_dynamic_aave_hedged_lp,99925.0,1653398.542345128,1553473.542345128,2527807.151935685,995.5359407611127,1910.3734684131796,2565.0,367.1707595405273,367170.7595405273,strong_downtrend,3,300045
fractal_fixed_hedge_lp,99925.0,1659346.8084403889,1559421.8084403889,2527807.151935685,616.971095914584,1910.3734684131796,0.0,0.0,0.0,strong_downtrend,3,300045
fractal_plain_uniswap_v2_lp,99850.0,3208389.0662894603,3108539.0662894603,5055614.30387137,0.0,0.0,0.0,0.0,0.0,strong_downtrend,3,300045
buy_hold_50_50,100000.0,81449.76644707701,-18550.23355292299,0.0,0.0,0.0,0.0,0.0,0.0,strong_downtrend,4,300046
fractal_dynamic_aave_hedged_lp,99925.0,68342.88503047985,-31582.114969520146,13471.885482303762,739.332362708602,1910.3734684131796,3045.0,305.4524615475411,305452.4615475411,strong_downtrend,4,300046
fractal_fixed_hedge_lp,99925.0,75978.28002011258,-23946.71997988742,13471.885482303762,651.421460695308,1910.3734684131796,0.0,0.0,0.0,strong_downtrend,4,300046
fractal_plain_uniswap_v2_lp,99850.0,33694.80760889307,-66155.19239110693,26943.770964607524,0.0,0.0,0.0,0.0,0.0,strong_downtrend,4,300046
buy_hold_50_50,100000.0,60585.67863595289,-39414.32136404711,0.0,0.0,0.0,0.0,0.0,0.0,strong_downtrend,5,300047
fractal_dynamic_aave_hedged_lp,99925.0,157427.94825231793,57502.94825231793,40014.766668461416,948.9648147894586,1910.3734684131796,1665.0,239.7765770073339,239776.57700733395,strong_downtrend,5,300047
fractal_fixed_hedge_lp,99925.0,151846.65610412872,51921.65610412872,40014.766668461416,560.9451819217458,1910.3734684131796,0.0,0.0,0.0,strong_downtrend,5,300047
fractal_plain_uniswap_v2_lp,99850.0,167542.95761501358,67692.95761501358,80029.53333692283,0.0,0.0,0.0,0.0,0.0,strong_downtrend,5,300047
buy_hold_50_50,100000.0,68772.54671455733,-31227.453285442665,0.0,0.0,0.0,0.0,0.0,0.0,strong_downtrend,6,300048
fractal_dynamic_aave_hedged_lp,99925.0,130280.66003578914,30355.660035789144,4891.002045011784,807.7979438628581,1910.3734684131796,675.0,110.67288646728059,110672.8864672806,strong_downtrend,6,300048
fractal_fixed_hedge_lp,99925.0,142017.62406756775,42092.624067567755,4891.002045011784,591.7834272014338,1910.3734684131796,0.0,0.0,0.0,strong_downtrend,6,300048
fractal_plain_uniswap_v2_lp,99850.0,154894.88201260834,55044.882012608345,9782.004090023567,0.0,0.0,0.0,0.0,0.0,strong_downtrend,6,300048
buy_hold_50_50,100000.0,66276.12239619478,-33723.87760380522,0.0,0.0,0.0,0.0,0.0,0.0,strong_downtrend,7,300049
fractal_dynamic_aave_hedged_lp,99925.0,341425.66528185026,241500.66528185026,113315.5465886324,922.7260556838654,1910.3734684131796,1215.0,130.08964817918195,130089.64817918194,strong_downtrend,7,300049
fractal_fixed_hedge_lp,99925.0,335152.3804954112,235227.38049541123,113315.5465886324,465.35395054936816,1910.3734684131796,0.0,0.0,0.0,strong_downtrend,7,300049
fractal_plain_uniswap_v2_lp,99850.0,538792.7849063892,438942.7849063892,226631.0931772648,0.0,0.0,0.0,0.0,0.0,strong_downtrend,7,300049
buy_hold_50_50,100000.0,63995.86632651977,-36004.13367348023,0.0,0.0,0.0,0.0,0.0,0.0,strong_downtrend,8,300050
fractal_dynamic_aave_hedged_lp,99925.0,16971576.62525255,16871651.62525255,10847830.657216413,692.6295498818392,1910.3734684131796,450.0,61.011209367560255,61011.20936756025,strong_downtrend,8,300050
fractal_fixed_hedge_lp,99925.0,16972449.90923384,16872524.90923384,10847830.657216413,644.7780914220007,1910.3734684131796,0.0,0.0,0.0,strong_downtrend,8,300050
fractal_plain_uniswap_v2_lp,99850.0,33811811.40473945,33711961.40473945,21695661.314432826,0.0,0.0,0.0,0.0,0.0,strong_downtrend,8,300050
buy_hold_50_50,100000.0,73651.54633982044,-26348.453660179555,0.0,0.0,0.0,0.0,0.0,0.0,strong_downtrend,9,300051
fractal_dynamic_aave_hedged_lp,99925.0,180686.5199782432,80761.51997824319,8368.430055717885,918.6936468566258,1910.3734684131796,1725.0,208.97836215562543,208978.36215562545,strong_downtrend,9,300051
fractal_fixed_hedge_lp,99925.0,181586.61105162697,81661.61105162697,8368.430055717885,859.5098123822098,1910.3734684131796,0.0,0.0,0.0,strong_downtrend,9,300051
fractal_plain_uniswap_v2_lp,99850.0,238709.18548464574,138859.18548464574,16736.86011143577,0.0,0.0,0.0,0.0,0.0,strong_downtrend,9,300051
buy_hold_50_50,100000.0,70224.66065398841,-29775.33934601159,0.0,0.0,0.0,0.0,0.0,0.0,strong_downtrend,10,300052
fractal_dynamic_aave_hedged_lp,99925.0,252008.61327185636,152083.61327185636,36360.23450109404,1010.2501407748463,1910.3734684131796,300.0,49.53841145295955,49538.41145295954,strong_downtrend,10,300052
fractal_fixed_hedge_lp,99925.0,246521.49711127923,146596.49711127923,36360.23450109404,709.6332505673714,1910.3734684131796,0.0,0.0,0.0,strong_downtrend,10,300052
fractal_plain_uniswap_v2_lp,99850.0,365370.75760700076,265520.75760700076,72720.46900218808,0.0,0.0,0.0,0.0,0.0,strong_downtrend,10,300052
buy_hold_50_50,100000.0,101491.60685330516,1491.6068533051584,0.0,0.0,0.0,0.0,0.0,0.0,strong_downtrend,11,300053
fractal_dynamic_aave_hedged_lp,99925.0,222778.4499048451,122853.4499048451,7828.956409146642,1306.1200836328994,1910.3734684131796,150.0,24.777053284135786,24777.053284135785,strong_downtrend,11,300053
fractal_fixed_hedge_lp,99925.0,229453.26472968786,129528.26472968786,7828.956409146642,704.026390943359,1910.3734684131796,0.0,0.0,0.0,strong_downtrend,11,300053
fractal_plain_uniswap_v2_lp,99850.0,357759.78336528107,257909.78336528107,15657.912818293284,0.0,0.0,0.0,0.0,0.0,strong_downtrend,11,300053
buy_hold_50_50,100000.0,69082.66540450123,-30917.334595498774,0.0,0.0,0.0,0.0,0.0,0.0,crash_recovery,0,400042
fractal_dynamic_aave_hedged_lp,99925.0,508763.1674631763,408838.1674631763,152955.49528558354,859.8867249463513,1910.3734684131796,885.0,104.28967514926609,104289.67514926607,crash_recovery,0,400042
fractal_fixed_hedge_lp,99925.0,509498.339385554,409573.339385554,152955.49528558354,386.6488454514639,1910.3734684131796,0.0,0.0,0.0,crash_recovery,0,400042
fractal_plain_uniswap_v2_lp,99850.0,889709.245650783,789859.245650783,305910.9905711671,0.0,0.0,0.0,0.0,0.0,crash_recovery,0,400042
buy_hold_50_50,100000.0,101526.45610510733,1526.4561051073251,0.0,0.0,0.0,0.0,0.0,0.0,crash_recovery,1,400043
fractal_dynamic_aave_hedged_lp,99925.0,61677.20543920136,-38247.79456079864,3315.0159067163167,799.6198177129361,1910.3734684131796,3885.0,418.50216434281583,418502.1643428159,crash_recovery,1,400043
fractal_fixed_hedge_lp,99925.0,71488.49653749075,-28436.503462509252,3315.0159067163167,1030.7212943418413,1910.3734684131796,0.0,0.0,0.0,crash_recovery,1,400043
fractal_plain_uniswap_v2_lp,99850.0,42513.21384590329,-57336.78615409671,6630.0318134326335,0.0,0.0,0.0,0.0,0.0,crash_recovery,1,400043
buy_hold_50_50,100000.0,165009.8979308457,65009.897930845706,0.0,0.0,0.0,0.0,0.0,0.0,crash_recovery,2,400044
fractal_dynamic_aave_hedged_lp,99925.0,16844541.97611152,16744616.97611152,49329143.442178205,1313.2212663988118,1910.3734684131796,210.0,28.23587031751186,28235.870317511864,crash_recovery,2,400044
fractal_fixed_hedge_lp,99925.0,16846601.814544193,16746676.814544193,49329143.442178205,1224.0482597225523,1910.3734684131796,0.0,0.0,0.0,crash_recovery,2,400044
fractal_plain_uniswap_v2_lp,99850.0,33647005.808445305,33547155.808445305,98658286.88435641,0.0,0.0,0.0,0.0,0.0,crash_recovery,2,400044
buy_hold_50_50,100000.0,80314.5806110032,-19685.4193889968,0.0,0.0,0.0,0.0,0.0,0.0,crash_recovery,3,400045
fractal_dynamic_aave_hedged_lp,99925.0,119680.71979047243,19755.71979047243,6769.11499526742,1023.1358078307563,1910.3734684131796,345.0,57.147994628495944,57147.994628495944,crash_recovery,3,400045
fractal_fixed_hedge_lp,99925.0,117643.9227493383,17718.922749338293,6769.11499526742,885.1504156597329,1910.3734684131796,0.0,0.0,0.0,crash_recovery,3,400045
fractal_plain_uniswap_v2_lp,99850.0,116530.10252925073,16680.102529250726,13538.22999053484,0.0,0.0,0.0,0.0,0.0,crash_recovery,3,400045
buy_hold_50_50,100000.0,69847.70099738888,-30152.299002611122,0.0,0.0,0.0,0.0,0.0,0.0,crash_recovery,4,400046
fractal_dynamic_aave_hedged_lp,99925.0,46375.1726556903,-53549.8273443097,79698.11736315464,374.64026696135977,1910.3734684131796,9855.0,405.6061367157632,405606.13671576325,crash_recovery,4,400046
fractal_fixed_hedge_lp,99925.0,70007.82714527438,-29917.17285472562,79698.11736315464,710.1527439168003,1910.3734684131796,0.0,0.0,0.0,crash_recovery,4,400046
fractal_plain_uniswap_v2_lp,99850.0,12024.525612008845,-87825.47438799115,159396.23472630928,0.0,0.0,0.0,0.0,0.0,crash_recovery,4,400046
buy_hold_50_50,100000.0,59407.5513717051,-40592.4486282949,0.0,0.0,0.0,0.0,0.0,0.0,crash_recovery,5,400047
fractal_dynamic_aave_hedged_lp,99925.0,72129.00101152377,-27795.998988476233,2100.031236335553,435.7265815320785,1910.3734684131796,5175.0,324.0832814341619,324083.2814341619,crash_recovery,5,400047
fractal_fixed_hedge_lp,99925.0,77958.15765898132,-21966.84234101868,2100.031236335553,438.0953671203525,1910.3734684131796,0.0,0.0,0.0,crash_recovery,5,400047
fractal_plain_uniswap_v2_lp,99850.0,18520.36764309903,-81329.63235690097,4200.062472671106,0.0,0.0,0.0,0.0,0.0,crash_recovery,5,400047
buy_hold_50_50,100000.0,105846.54026174649,5846.540261746486,0.0,0.0,0.0,0.0,0.0,0.0,crash_recovery,6,400048
fractal_dynamic_aave_hedged_lp,99925.0,209477.13626857768,109552.13626857768,125458.39208761168,570.8164017748132,1910.3734684131796,5580.0,497.16547382581354,497165.47382581356,crash_recovery,6,400048
fractal_fixed_hedge_lp,99925.0,214088.6990628148,114163.69906281479,125458.39208761168,915.020276892597,1910.3734684131796,0.0,0.0,0.0,crash_recovery,6,400048
fractal_plain_uniswap_v2_lp,99850.0,331148.73404657154,231298.73404657154,250916.78417522335,0.0,0.0,0.0,0.0,0.0,crash_recovery,6,400048
buy_hold_50_50,100000.0,125951.04111366418,25951.041113664178,0.0,0.0,0.0,0.0,0.0,0.0,crash_recovery,7,400049
fractal_dynamic_aave_hedged_lp,99925.0,274585.83969671896,174660.83969671896,4689.336340090723,1299.167608901218,1910.3734684131796,375.0,49.05377855750864,49053.77855750864,crash_recovery,7,400049
fractal_fixed_hedge_lp,99925.0,276370.40623381437,176445.40623381437,4689.336340090723,1247.08895602651,1910.3734684131796,0.0,0.0,0.0,crash_recovery,7,400049
fractal_plain_uniswap_v2_lp,99850.0,473439.2630396485,373589.2630396485,9378.672680181446,0.0,0.0,0.0,0.0,0.0,crash_recovery,7,400049
buy_hold_50_50,100000.0,87781.53443749392,-12218.465562506084,0.0,0.0,0.0,0.0,0.0,0.0,crash_recovery,8,400050
fractal_dynamic_aave_hedged_lp,99925.0,516646.9021340382,416721.9021340382,312893.4869647847,684.3302501581575,1910.3734684131796,105.0,14.512765214817696,14512.765214817697,crash_recovery,8,400050
fractal_fixed_hedge_lp,99925.0,517131.28626638924,417206.28626638924,312893.4869647847,729.2340813769872,1910.3734684131796,0.0,0.0,0.0,crash_recovery,8,400050
fractal_plain_uniswap_v2_lp,99850.0,921530.3073570721,821680.3073570721,625786.9739295694,0.0,0.0,0.0,0.0,0.0,crash_recovery,8,400050
buy_hold_50_50,100000.0,67527.49510167535,-32472.504898324652,0.0,0.0,0.0,0.0,0.0,0.0,crash_recovery,9,400051
fractal_dynamic_aave_hedged_lp,99925.0,71057.08188320893,-28867.918116791072,2910.6470515728806,775.1982561546824,1910.3734684131796,4125.0,414.42077364567064,414420.7736456706,crash_recovery,9,400051
fractal_fixed_hedge_lp,99925.0,81174.13718009523,-18750.862819904767,2910.6470515728806,551.9415576190213,1910.3734684131796,0.0,0.0,0.0,crash_recovery,9,400051
fractal_plain_uniswap_v2_lp,99850.0,32071.531395025668,-67778.46860497433,5821.294103145761,0.0,0.0,0.0,0.0,0.0,crash_recovery,9,400051
buy_hold_50_50,100000.0,169743.37752689573,69743.37752689573,0.0,0.0,0.0,0.0,0.0,0.0,crash_recovery,10,400052
fractal_dynamic_aave_hedged_lp,99925.0,646636.6401582703,546711.6401582703,1218.082498610439,1886.1284430716819,1910.3734684131796,1125.0,164.10492667597828,164104.92667597823,crash_recovery,10,400052
fractal_fixed_hedge_lp,99925.0,691371.8784428665,591446.8784428665,1218.082498610439,1146.2636401843554,1910.3734684131796,0.0,0.0,0.0,crash_recovery,10,400052
fractal_plain_uniswap_v2_lp,99850.0,1340407.7388079478,1240557.7388079478,2436.164997220878,0.0,0.0,0.0,0.0,0.0,crash_recovery,10,400052
buy_hold_50_50,100000.0,101501.30111950054,1501.3011195005383,0.0,0.0,0.0,0.0,0.0,0.0,crash_recovery,11,400053
fractal_dynamic_aave_hedged_lp,99925.0,62831.19310805771,-37093.80689194229,34174.592590908454,441.3130771233166,1910.3734684131796,6360.0,404.93690790808193,404936.90790808195,crash_recovery,11,400053
fractal_fixed_hedge_lp,99925.0,67735.1036054424,-32189.896394557596,34174.592590908454,722.40343542795,1910.3734684131796,0.0,0.0,0.0,crash_recovery,11,400053
fractal_plain_uniswap_v2_lp,99850.0,34368.442868071135,-65481.557131928865,68349.18518181691,0.0,0.0,0.0,0.0,0.0,crash_recovery,11,400053
