mc_scenario,mc_path_id,mc_seed,final_nav__buy_hold_50_50,final_nav__fractal_dynamic_aave_hedged_lp,final_nav__fractal_fixed_hedge_lp,final_nav__fractal_plain_uniswap_v2_lp,max_drawdown__buy_hold_50_50,max_drawdown__fractal_dynamic_aave_hedged_lp,max_drawdown__fractal_fixed_hedge_lp,max_drawdown__fractal_plain_uniswap_v2_lp,sharpe__buy_hold_50_50,sharpe__fractal_dynamic_aave_hedged_lp,sharpe__fractal_fixed_hedge_lp,sharpe__fractal_plain_uniswap_v2_lp,dynamic_minus_plain_final_nav,dynamic_minus_fixed_final_nav,dynamic_drawdown_improvement_vs_plain,dynamic_minus_plain_sharpe
crash_recovery,0,400042,69082.66540450123,508763.1674631763,509498.339385554,889709.245650783,-0.4496937340383371,-0.6598584711414404,-0.6673368558149648,-0.8124007473461272,-1.4107474834428004,1.9450960123600092,1.9382670689483723,2.1059340537382876,-380946.07818760665,-735.1719223777181,0.15254227620468686,-0.1608380413782784
crash_recovery,1,400043,101526.45610510733,61677.20543920136,71488.49653749075,42513.21384590329,-0.3170656235765339,-0.6323847666543695,-0.5959899697484203,-0.8424495908085714,0.2657088790258949,-0.14132199610134083,-0.0008799650833494204,0.3578374133436027,19163.991593298073,-9811.291098289388,0.2100648241542019,-0.4991594094449435
crash_recovery,2,400044,165009.8979308457,16844541.97611152,16846601.814544193,33647005.808445305,-0.36301227221750476,-0.9280921186291066,-0.9280938147513753,-0.930762395009981,1.2848679380144805,3.3611439144121147,3.361055221061516,3.535415996737515,-16802463.832333785,-2059.838432673365,0.00267027638087447,-0.17427208232540048
crash_recovery,3,400045,80314.5806110032,119680.71979047243,117643.9227493383,116530.10252925073,-0.39094639231213624,-0.8094153847785298,-0.8081536602250301,-0.9025794417876878,-0.31213410979199385,0.751615883147481,0.7382970663819811,0.9531153058354755,3150.617261221705,2036.7970411341375,0.09316405700915797,-0.2014994226879946
crash_recovery,4,400046,69847.70099738888,46375.1726556903,70007.82714527438,12024.525612008845,-0.5064714490960449,-0.8522630384835411,-0.8127102951986588,-0.998272380831668,-0.7258805253849689,0.13952166307683816,0.42284746753844227,1.0166099170069343,34350.647043681456,-23632.654489584078,0.1460093423481269,-0.8770882539300962
crash_recovery,5,400047,59407.5513717051,72129.00101152377,77958.15765898132,18520.36764309903,-0.43485668529374066,-0.4605541909924534,-0.45774274437802265,-0.8884541927853054,-1.6071953509770622,-0.38256927877243424,-0.2487532084161773,-0.08247457236673728,53608.63336842474,-5829.156647457552,0.4279000017928519,-0.30009470640569696
crash_recovery,6,400048,105846.54026174649,209477.13626857768,214088.6990628148,331148.73404657154,-0.23045201569225227,-0.7618304408836989,-0.7553293652618045,-0.82734100272349,0.35040186927106515,1.2887255278333842,1.2924652295250514,1.8174876777287872,-121671.59777799385,-4611.562794237107,0.06551056183979109,-0.5287621498954029
crash_recovery,7,400049,125951.04111366418,274585.83969671896,276370.40623381437,473439.2630396485,-0.33037118045892344,-0.6695331961150743,-0.6670856010424449,-0.7641242589472212,0.7269823417887671,1.425366037264829,1.4305440890241017,1.7651054970924214,-198853.4233429295,-1784.5665370954084,0.09459106283214691,-0.33973945982759246
crash_recovery,8,400050,87781.53443749392,516646.9021340382,517131.28626638924,921530.3073570721,-0.383677020328303,-0.8471087893714742,-0.8468930963324788,-0.8677183754349787,-0.1596195416835622,1.8270065172533363,1.827791610833078,2.131704719114032,-404883.4052230339,-484.3841323510278,0.020609586063504493,-0.3046982018606956
crash_recovery,9,400051,67527.49510167535,71057.08188320893,81174.13718009523,32071.531395025668,-0.4476820304024577,-0.676521087534262,-0.6445801459020171,-0.9104325844848261,-1.0626561622902329,-0.036725305721594714,0.10219642919495185,0.21313684699110252,38985.55048818326,-10117.055296886305,0.23391149695056412,-0.24986215271269724
crash_recovery,10,400052,169743.37752689573,646636.6401582703,691371.8784428665,1340407.7388079478,-0.45506641980250273,-0.44125218605221384,-0.4280642410409643,-0.5905770558055237,1.417178911551451,2.0894209428372728,2.170277797681135,2.3709639338989925,-693771.0986496776,-44735.23828459624,0.14932486975330983,-0.28154299106171976
crash_recovery,11,400053,101501.30111950054,62831.19310805771,67735.1036054424,34368.442868071135,-0.3239627908030872,-0.49162717991861615,-0.457597809646762,-0.925182410430371,0.23532591590518176,-0.38131510692615805,-0.3017373893360914,0.5775107844013632,28462.750239986577,-4903.910497384692,0.4335552305117548,-0.9588258913275212
high_vol_chop,0,100042,68306.62677633142,65589.99340087324,67509.49806436732,5221.091224546202,-0.41031777822344817,-0.5281485300427253,-0.5224615023590927,-0.9779130057706875,-1.0346637506769176,-0.845518976016571,-0.7393323592071669,-1.270862126512356,60368.902176327036,-1919.504663494081,0.4497644757279622,0.4253431504957851
high_vol_chop,1,100043,117943.08391075066,60972.63022448731,69373.88314772192,53152.726673338424,-0.5109067276736796,-0.5453858457423615,-0.5688543144286001,-0.7164425163964375,0.5746052518640342,-0.266221930740507,-0.020600780952871444,0.3010307942826634,7819.903551148884,-8401.252923234613,0.17105667065407604,-0.5672527250231704
high_vol_chop,2,100044,64330.10750835424,98812.52934670023,96030.69409849947,59117.32135326865,-0.5064204682751485,-0.4862168908225907,-0.5317869091992152,-0.8442376535926622,-1.0268180623243897,0.3444544603442349,0.304522046186972,0.3844552514036819,39695.207993431584,2781.8352482007613,0.35802076277007155,-0.04000079105944704
high_vol_chop,3,100045,66647.02130731056,102426.58492917506,112165.50350555647,93420.52184713731,-0.3522814946473991,-0.8745927442045056,-0.8658793072029435,-0.9711816106956354,-0.8635357451240557,0.9089039137614097,0.9434944907396113,1.5220143926592289,9006.063082037756,-9738.918576381402,0.09658886649112974,-0.6131104788978192
high_vol_chop,4,100046,128946.88759233116,60390.81659942758,66895.16532577698,55758.83173054561,-0.47640658868563945,-0.5344311977140711,-0.5122733174268126,-0.695495807067984,0.8629461690509846,-0.5604641844234652,-0.4511447489913937,0.3486255871666989,4631.984868881969,-6504.348726349403,0.16106460935391287,-0.9090897715901641
high_vol_chop,5,100047,93593.13943833552,284977.7911104037,290267.8103116496,472734.1278098096,-0.28522580556935573,-0.7043750111278425,-0.7016332044986198,-0.7616567812237275,0.056390102850665855,1.4964366053619507,1.5135937375448936,1.7918557107569693,-187756.33669940586,-5290.019201245857,0.057281770095884976,-0.2954191053950186
high_vol_chop,6,100048,88419.30685028882,169513.99530706392,177634.29344593943,243091.04837275262,-0.32326561951910815,-0.5887544049766072,-0.5792913402109768,-0.7577885370334659,-0.07508272255943546,1.0410385064889907,1.099971163995099,1.3404778729973468,-73577.0530656887,-8120.298138875514,0.1690341320568587,-0.2994393665083561
high_vol_chop,7,100049,63080.82231393496,61530.5492176249,78197.00848574929,22337.154449551075,-0.5203890963111768,-0.8604827426408103,-0.8235927335328993,-0.9749932798922267,-1.1205284493910872,0.4282418110946974,0.5265137572768019,0.9724157977488171,39193.39476807383,-16666.45926812439,0.11451053725141647,-0.5441739866541198
high_vol_chop,8,100050,111453.76576874958,47139.498101962025,59624.39044653147,27291.817820439286,-0.32823773222980757,-0.6362175260643529,-0.55007454771306,-0.8596719400095577,0.4682602677236497,-0.6141921070404456,-0.35472157492932377,-0.1370830546886867,19847.68028152274,-12484.892344569445,0.22345441394520482,-0.4771090523517589
high_vol_chop,9,100051,262947.13415754924,85819.6106160079,40751.71764638451,117829.59536801378,-0.3780164670987135,-0.596886606084501,-0.7701304077112342,-0.8501584298720304,2.3456996111585893,0.09639581322987514,-0.8416589399669601,0.8503552069802955,-32009.98475200587,45067.8929696234,0.25327182378752944,-0.7539593937504204
high_vol_chop,10,100052,73305.76832779378,1072539.0546236872,1072248.1762842773,2019371.46175722,-0.390369379820905,-0.8627393292820079,-0.8627301579012159,-0.8975508017842037,-0.561101015697878,2.174143036503166,2.1737628512197142,2.4848863147184623,-946832.4071335329,290.8783394098282,0.03481147250219574,-0.3107432782152961
high_vol_chop,11,100053,55995.58141344208,128754.44691414715,123245.07636976388,105986.84339100857,-0.47230852502262355,-0.5683661809474316,-0.5731915946795203,-0.8871545763546564,-2.075907328758406,0.7193495056327465,0.6477367858721227,0.7680339492265081,22767.603523138576,5509.370544383273,0.3187883954072248,-0.04868444359376167
sideways_low_vol,0,42,90135.31674546101,54878.133337166924,58370.031138048915,6010.360341024778,-0.17292103828780447,-0.4549059178089251,-0.4349401695222206,-0.941350931197955,-0.70685163064048,-1.6515418786990992,-1.4976115502802014,-1.289424627804301,48867.77299614214,-3491.8978008819904,0.4864450133890299,-0.3621172508947983
sideways_low_vol,1,43,84061.47305676396,100622.62282985818,102695.12863387872,89598.92387404558,-0.18730324362791861,-0.2857372304790654,-0.28227706150438914,-0.5178932962004572,-1.1816644491872523,0.20826988655645187,0.26048710975796646,0.30028832359850494,11023.698955812608,-2072.505804020533,0.2321560657213918,-0.09201843704205306
sideways_low_vol,2,44,114094.54585979099,192421.58721630502,193002.51735001267,296186.07653065433,-0.10579574292708249,-0.3986704787184766,-0.3979965026447778,-0.5224869918955206,0.9054981392787981,1.3549543999403064,1.3605909234383937,1.5870887451394364,-103764.48931434931,-580.9301337076467,0.12381651317704401,-0.23213434519913
sideways_low_vol,3,45,99870.97867042104,78306.14904012362,78724.5198493735,55407.760990509385,-0.17289980886045753,-0.3895541993542436,-0.4085009670959421,-0.7146539386344595,0.06826493713017484,-0.6460903566303379,-0.6116169856724406,-0.25409773357076876,22898.388049614237,-418.37080924987094,0.32509973928021585,-0.3919926230595691
sideways_low_vol,4,46,113569.06767715942,116535.30377779611,117775.74448137199,145308.2674611701,-0.07461098243915032,-0.25929248833053,-0.2578414291987836,-0.379526812630988,0.8846885113734164,0.5619269951253922,0.5853126285977805,0.8663866429978292,-28772.96368337398,-1240.4407035758777,0.120234324300458,-0.30445964787243696
sideways_low_vol,5,47,89518.83407758988,135690.0198127894,136336.82846609177,161494.92687132128,-0.16857122722197437,-0.3432511248865884,-0.34244402538227503,-0.6499982218837497,-0.727569847945809,0.9441653156942864,0.9562598072618516,0.9892678561083816,-25804.907058531884,-646.8086533023743,0.3067470969971613,-0.04510254041409523
sideways_low_vol,6,48,96344.77211865557,76599.47636017391,79350.50835158609,53499.16566535043,-0.16209428674640947,-0.3827087996571933,-0.3523296983709425,-0.7476684679230771,-0.179439919911388,-0.8260960192959081,-0.7084403715160728,-0.2923669391780654,23100.310694823478,-2751.031991412179,0.3649596682658838,-0.5337290801178427
sideways_low_vol,7,49,89540.94474212814,106491.97278028617,107765.28730022762,104837.5826918984,-0.26864778978517634,-0.5945831049834557,-0.5919128098330404,-0.7712193073281041,-0.620013350573306,0.5035657566049986,0.51502313562742,0.7431052616893064,1654.3900883877795,-1273.314519941443,0.17663620234464839,-0.23953950508430777
sideways_low_vol,8,50,93481.23112110764,74256.1917334489,78155.3532195744,48684.523280324225,-0.1712937490250379,-0.3859244437093615,-0.361173455456695,-0.7174764396766075,-0.38833469010081384,-0.8599581045884777,-0.6989656870822192,-0.4279902262938128,25571.668453124672,-3899.1614861255075,0.33155199596724594,-0.4319678782946649
sideways_low_vol,9,51,121561.1165671853,186219.92124621672,187224.3693958792,290806.81521422195,-0.12317256810323063,-0.33112252984047064,-0.33143578953855735,-0.4671392858355037,1.353157662410048,1.3708633182536487,1.3804875078437673,1.6940528207202148,-104586.89396800523,-1004.448149662494,0.13601675599503305,-0.3231895024665661
sideways_low_vol,10,52,99505.56920815486,113618.97531128033,114293.17119645915,126172.2553789277,-0.14350877459131706,-0.416009817112748,-0.41446661895053005,-0.6209534382030039,0.04272232391379717,0.5074518071250919,0.5198927200035676,0.6997193430203237,-12553.28006764737,-674.1958851788222,0.20494362109025588,-0.19226753589523182
sideways_low_vol,11,53,98502.74431170149,136715.0811657899,139351.90232860117,175393.2030141188,-0.1632877776706927,-0.238793745539581,-0.2261668002714622,-0.4902427213203606,-0.027193051730531513,0.9012327487380112,0.9485474706488443,1.0858001471701924,-38678.12184832891,-2636.8211628112767,0.2514489757807796,-0.18456739843218117
strong_downtrend,0,300042,56056.35675069195,105075.5917062709,100297.93077869213,60314.41131433099,-0.4461778676955662,-0.30863502555285827,-0.3009353251330672,-0.6851971187284926,-2.4834631757007597,0.3575452255346934,0.2652683306184127,0.40514183802416803,44761.18039193992,4777.660927578778,0.3765620931756344,-0.04759661248947461
strong_downtrend,1,300043,69652.8268648563,109230.81357799345,112877.33886131019,97600.06551208685,-0.3675550021538896,-0.39343063836964476,-0.37242278442942467,-0.6873593295981257,-1.0180687689823458,0.45695695537882547,0.5053695983709096,0.7195032455519901,11630.748065906606,-3646.5252833167324,0.293928691228481,-0.2625462901731646
strong_downtrend,2,300044,83103.54258315155,150857.02490718797,152514.98569118,188981.4012159435,-0.459426262959744,-0.957807958910233,-0.9572519686680843,-0.9754333222145622,-0.30355177227897645,1.5343148580692607,1.5355190969350925,1.823253769612382,-38124.37630875554,-1657.9607839920209,0.01762536330432929,-0.28893891154312135
strong_downtrend,3,300045,90906.5443105519,1653398.542345128,1659346.8084403889,3208389.0662894603,-0.36812248314937257,-0.867844104678954,-0.8682542017983677,-0.9617866586722124,-0.20359391409101435,2.4990051559365125,2.499513146684374,2.993325623336963,-1554990.5239443323,-5948.266095260857,0.09394255399325835,-0.49432046740045044
strong_downtrend,4,300046,81449.76644707701,68342.88503047985,75978.28002011258,33694.80760889307,-0.3728053164299103,-0.47499238373356734,-0.42255569657248915,-0.8030281488741372,-0.5593114718975828,-0.30101428601052327,-0.1571478309327562,-0.03492043645156916,34648.077421586786,-7635.394989632725,0.32803576514056987,-0.2660938495589541
strong_downtrend,5,300047,60585.67863595289,157427.94825231793,151846.65610412872,167542.95761501358,-0.45268934439254827,-0.5654939261966441,-0.5902429243830667,-0.8157742395971332,-1.7075095331988988,0.9618686621973109,0.9177984562155649,1.108878615026461,-10115.009362695651,5581.292148189212,0.2502803134004892,-0.14700995282914997
strong_downtrend,6,300048,68772.54671455733,130280.66003578914,142017.62406756775,154894.88201260834,-0.44643563115915275,-0.5631432550852917,-0.576985904953234,-0.8219430528958962,-1.2289898371373444,0.738128943583804,0.8385865804983642,1.0225252090746675,-24614.2219768192,-11736.96403177861,0.25879979781060447,-0.2843962654908635
strong_downtrend,7,300049,66276.12239619478,341425.66528185026,335152.3804954112,538792.7849063892,-0.37164498370373467,-0.42628753757643634,-0.4504483730382157,-0.6649827169891666,-1.5954414570920832,1.7493677828977283,1.7106573856924598,1.8331369133193642,-197367.11962453893,6273.284786439035,0.23869517941273022,-0.08376913042163592
strong_downtrend,8,300050,63995.86632651977,16971576.62525255,16972449.90923384,33811811.40473945,-0.4258699852892589,-0.8132112746873064,-0.8128632166917338,-0.8324793384840863,-1.4111032885397323,3.336553839371536,3.337832246218439,3.52387681166655,-16840234.7794869,-873.2839812897146,0.019268063796779922,-0.18732297229501382
strong_downtrend,9,300051,73651.54633982044,180686.5199782432,181586.61105162697,238709.18548464574,-0.46855671676542365,-0.5606156985209314,-0.5590622105846993,-0.7695674905276516,-0.7368772148168775,1.1581744662236302,1.1674039596471566,1.3241755238341943,-58022.665506402554,-900.0910733837809,0.2089517920067202,-0.16600105761056416
strong_downtrend,10,300052,70224.66065398841,252008.61327185636,246521.49711127923,365370.75760700076,-0.47456853063187565,-0.5089530828684826,-0.5221694964385564,-0.7356711038439708,-0.9903698351349657,1.473017456244722,1.444389678824679,1.6207989225774413,-113362.1443351444,5487.116160577134,0.2267180209754882,-0.14778146633271927
strong_downtrend,11,300053,101491.60685330516,222778.4499048451,229453.26472968786,357759.78336528107,-0.27403927088826563,-0.6280373961171504,-0.6187372084027914,-0.6768401284491148,0.20065075309062638,1.2902531932850727,1.3181592236848925,1.6065395664009976,-134981.33346043597,-6674.814824842761,0.048802732331964416,-0.3162863731159249
strong_uptrend,0,200042,309908.3935596802,70123.7593808105,43943.62251110593,165557.83892886344,-0.15370904817543762,-0.7573878056262631,-0.8680944970115384,-0.8003495545571069,3.2364057997762536,0.2633469930049061,-0.06204485049686291,1.1111219029855035,-95434.07954805293,26180.13686970457,0.04296174893084381,-0.8477749099805973
strong_uptrend,1,200043,92357.5441490392,86787.36684095039,88968.87099141315,69160.76588421818,-0.20537832474605577,-0.3325620041697357,-0.32609347166319025,-0.7207438245810678,-0.15580526367058173,-0.08755999651442689,-0.036372331470450416,0.24657204053827653,17626.600956732203,-2181.504150462759,0.3881818204113321,-0.33413203705270345
strong_uptrend,2,200044,103710.47271001556,69104.31193563291,73686.25140741594,48672.2610692911,-0.23024568160673087,-0.9104639034740758,-0.9050579705342026,-0.9678515074202969,0.2735102141169747,0.5072986195259297,0.5452459426521398,0.6515571798984149,20432.050866341815,-4581.939471783029,0.05738760394622111,-0.1442585603724852
strong_uptrend,3,200045,99817.90088124381,143812.09871449613,143563.25748773487,184308.9659667943,-0.3566658863655472,-0.6648789941426811,-0.6683524482295211,-0.8667676246206466,0.10853585976306862,0.923170840543629,0.9137479871955275,1.107974897274257,-40496.867252298165,248.84122676125844,0.20188863047796546,-0.18480405673062794
strong_uptrend,4,200046,134191.8967559628,175211.06818180066,174435.53574405896,276504.55071698583,-0.1757677442797081,-0.3857110413793883,-0.382374136695279,-0.522500293713394,1.0339310270294488,1.1371183486715826,1.1301158030355816,1.457689130270324,-101293.48253518518,775.5324377416982,0.13678925233400574,-0.3205707815987415
strong_uptrend,5,200047,292543.77932455955,560240.4475622234,530555.3887002764,1125745.7203743428,-0.21792409023971726,-0.6209085107379468,-0.6675312681941323,-0.6784515096294634,2.7054389007202397,2.3019846163287996,2.183425711543615,2.675821543497982,-565505.2728121193,29685.058861947036,0.057542998891516595,-0.3738369271691826
strong_uptrend,6,200048,99221.49392596814,56364.37177613356,59424.93668403215,16219.485174200547,-0.17838704534539285,-0.49644709165018364,-0.5037657173879602,-0.8985578870864245,0.12636410732180406,-1.2449663420328316,-1.0964258154756925,-0.9867610338414714,40144.88660193301,-3060.5649078985953,0.40211079543624084,-0.2582053081913602
strong_uptrend,7,200049,84372.20656385741,574654.6489769542,578063.6231631591,1040302.9658767194,-0.29972599521537335,-0.3581520563102243,-0.3564861324773403,-0.44031464364288253,-0.5672461407718168,2.7918304655602113,2.8001239358058134,2.597261865399488,-465648.3168997653,-3408.974186204956,0.08216258733265824,0.1945686001607232
strong_uptrend,8,200050,156646.2556019495,231242.83599879098,226802.40803344647,400047.2821861772,-0.22279257437194888,-0.5148355041951651,-0.5128235854923164,-0.7037540908084051,1.577363852374472,1.617098311811704,1.5804578810910532,1.7733135505226683,-168804.44618738623,4440.427965344512,0.18891858661324,-0.15621523871096432
strong_uptrend,9,200051,258795.35069601494,63041.9479592555,10371.15822110726,54952.17221676998,-0.27130204513689204,-0.525079855083558,-0.9473011947314487,-0.8443374338973808,2.742356088999357,-0.7678547327850406,-1.207121720240493,0.05945610858208288,8089.775742485523,52670.78973814824,0.3192575788138228,-0.8273108413671234
strong_uptrend,10,200052,163417.2017033596,152709.08166016793,144857.35580965134,242862.10461282526,-0.19907462560382427,-0.48469440529990937,-0.5241421801306823,-0.6169320844446284,1.4978279664912393,0.9525120845951455,0.8697486999758007,1.3457827110364013,-90153.02295265734,7851.725850516581,0.13223767914471907,-0.3932706264412559
strong_uptrend,11,200053,151706.8874593602,133068.87341148886,130639.53239680543,203909.41203281016,-0.25424122135059213,-0.4126325879876227,-0.4179541315001615,-0.5253538868135688,1.371780907471255,0.7570006592649252,0.7330250418196295,1.195139118661837,-70840.53862132129,2429.341014683436,0.11272129882594606,-0.43813845939691176
